,root,majmin,majminbass,sevenths,seventhsbass,triads,triadsbass,tetrads,tetradsbass,segmentation,undersegmentation,oversegmentation
0,0.8818524064171123,0.8388579633929159,0.8388579633929159,0.8583218050851504,0.8583218050851504,0.3848770053475939,0.3848770053475939,0.3848770053475939,0.3848770053475939,0.8689925133689838,0.9345839572192515,0.8689925133689838
1,0.7924296492374361,0.7599390172393571,0.674563152339627,0.09784744652496975,0.018860253427596903,0.7599390172393571,0.674563152339627,0.09676824875605188,0.018652236313781937,0.8530494172572274,0.8530494172572274,0.8726063428772468
2,0.768481540740238,0.768481540740238,0.7621155470298397,0.09873397087589661,0.09058356878939372,0.768481540740238,0.7621155470298397,0.07711764780776406,0.07075165409736588,0.6667062772941985,0.6667062772941985,0.9217831572782409
3,0.9410676747740528,0.9377030036978563,0.9377030036978563,0.01578354630806632,0.01578354630806632,0.9282365684389884,0.9282365684389884,0.012120407752608423,0.012120407752608423,0.9351937081768863,0.9351937081768863,0.9502339739610308
4,0.7192403415913645,0.7152736774237328,0.6160439784179982,0.6051851097763749,0.50595541077064,0.7070109413887711,0.6089275292318216,0.5981941006393096,0.5001106884823601,0.7595711995277289,0.7595711995277289,0.9441459209617145
5,0.7484743666956247,0.7910470678556664,0.6164707966692257,0.5317614762848862,0.361946011895684,0.7139057811509003,0.5563538296727015,0.46458665330682675,0.3162231448565505,0.9065806094005657,0.9065806094005657,0.9257942620198583
6,0.008642066498538528,0.009564702859678737,0.009564702859678737,0.009614105383429437,0.009614105383429437,0.008642066498538528,0.008642066498538528,0.008642066498538528,0.008642066498538528,0.8148621032897532,0.8148621032897532,0.8593175686845553
7,0.8343995324009348,0.8340217071886906,0.750770989482251,0.6854484663468534,0.6066906527111504,0.8340217071886906,0.750770989482251,0.6090671592387958,0.539085533815357,0.9031185111749082,0.9031185111749082,0.9549580678599923
8,0.822792592592593,0.7398566656197376,0.7326423588308655,0.16639931004743574,0.15332470892626265,0.2879111111111116,0.28510370370370414,0.03572962962962992,0.032922222222222484,0.6734296296296305,0.6734296296296305,0.9121703703703707
9,0.8359397590361439,0.5928279531816742,0.4731215726057281,0.3052665830853007,0.25498377819674767,0.2487710843373493,0.1985381526104415,0.12810040160642566,0.10699999999999989,0.8336104417670676,0.8665461847389552,0.8336104417670676
10,0.8938189655172416,0.8708017241379311,0.8708017241379311,0.21141379310344843,0.21141379310344843,0.8708017241379311,0.8708017241379311,0.21141379310344843,0.21141379310344843,0.7929181034482761,0.7929181034482761,0.9085732758620692
11,0.7196445182724243,0.8247532934713908,0.8247532934713908,0.8247532934713908,0.8247532934713908,0.2818272425249164,0.2818272425249164,0.2818272425249164,0.2818272425249164,0.7461561461794013,0.7461561461794013,0.8674883720930228
12,0.7394143898987707,0.7356115263317069,0.6988609035008145,0.6594772112013502,0.6237429547774386,0.7128467483316734,0.6772334374380753,0.6221165359077636,0.588406695079168,0.7691414568523536,0.7691414568523536,0.862107269748503
13,0.7076120180538205,0.7511178168985846,0.7486816778281271,0.7511178168985846,0.7486816778281271,0.6908260222122847,0.6885854306223407,0.6908260222122847,0.6885854306223407,0.8044092629560132,0.8532043686925734,0.8044092629560132
14,0.9242520531873292,0.927830280228722,0.9153889411425136,0.9233812573714939,0.9109399182852853,0.911424520922957,0.8992031677747364,0.9070541650371533,0.8948328118889327,0.930964020336332,0.9317461869378181,0.930964020336332
15,0.7241730141458104,0.6632852965626287,0.6564198557152903,0.5657971991791699,0.5657971991791699,0.6207780195865068,0.614352557127312,0.529537540805223,0.529537540805223,0.7336724700761699,0.7336724700761699,0.7901577801958648
16,0.8214934978190539,0.8105169722748445,0.7800872144976227,0.7078098913864571,0.6753845274898272,0.7902226249179601,0.7605547908208601,0.6476160605902201,0.6179482264931202,0.7359283976000881,0.7359283976000881,0.9008613429515656
17,0.8716732866393049,0.857527628943055,0.8549061143114569,0.4798330282088391,0.47721151357724095,0.8450737485417954,0.8424903061875096,0.47286440942129926,0.47028096706701344,0.8178791213462235,0.8178791213462235,0.9141276985637571
18,0.8951137357830263,0.8845144356955373,0.7843832020997368,0.8317716535433067,0.7316404199475062,0.8845144356955373,0.7843832020997368,0.8317716535433067,0.7316404199475062,0.9235214348206466,0.9235214348206466,0.9284295713035864
19,0.8212992974296055,0.8118930335048556,0.8118930335048556,0.8118930335048556,0.8118930335048556,0.8118930335048556,0.8118930335048556,0.8118930335048556,0.8118930335048556,0.8405940412752475,0.8653518650771849,0.8405940412752475
20,0.5144843062885704,0.5103882504837456,0.5037971080303495,0.39850368577401224,0.39371424249092285,0.5059747973406522,0.49944065012245203,0.38937470394769963,0.3846949779451532,0.7145770273493529,0.7145770273493529,0.7442074532951252
21,0.5933389069938062,0.5764643655411283,0.5410488719024951,0.49468511662031406,0.4592696229816808,0.5764643655411283,0.5410488719024951,0.49468511662031406,0.4592696229816808,0.7294613455271377,0.7294613455271377,0.7904531158468271
22,0.8457575231942691,0.8358772508720654,0.7982794381069105,0.6270953144150087,0.5956208164419722,0.8313041766093,0.7939120610200321,0.6236644835846922,0.592362182206866,0.8592779421209804,0.8592779421209804,0.893449347653851
23,0.6608023840391397,0.6168290636897467,0.6168290636897467,0.5446567370810774,0.5446567370810774,0.6168290636897467,0.6168290636897467,0.5446567370810774,0.5446567370810774,0.6773510415505641,0.6773510415505641,0.7728709955592579
24,0.9091901313806778,0.9141263511732136,0.9141263511732136,0.9141263511732136,0.9141263511732136,0.9037247603300397,0.9037247603300397,0.9037247603300397,0.9037247603300397,0.43529114707631156,0.9345132887524131,0.43529114707631156
25,0.7695644983461964,0.7975225508844724,0.7272088599624875,0.6191279325916956,0.5460953849542907,0.6633461962513785,0.6048621830209485,0.49579382579933884,0.4373098125689089,0.7930264608599782,0.7930264608599782,0.8798676957001101
26,0.9549154879679402,0.9549154879679402,0.9549154879679402,0.7850817886090917,0.7850817886090917,0.9549154879679402,0.9549154879679402,0.7741088809060332,0.7741088809060332,0.9583287302814785,0.9583287302814785,0.9602182037050443
27,0.7832844853600763,0.7502442690717772,0.7188556933483652,0.6847190905674557,0.6533305148440435,0.6602206633127604,0.6325984779274678,0.602558007829455,0.5749358224441622,0.7504206161872123,0.7504206161872123,0.8407032454620988
28,0.923125384083205,0.9115672134201716,0.9115672134201716,0.8823755443600028,0.8823755443600028,0.9077234059822283,0.9077234059822283,0.8786548294960437,0.8786548294960437,0.9001712189786376,0.9001712189786376,0.9352962320229731
29,0.8578045999051357,0.8426818463550875,0.665252126563314,0.6453503603113965,0.5533116195049089,0.7454947908782341,0.5885281581877573,0.5552214002899749,0.4760366942849357,0.8279492846498265,0.8279492846498265,0.8755058583697485
30,0.5956863047431601,0.5956863047431601,0.5516604915036712,0.5837093607005674,0.5438421456008201,0.5956863047431601,0.5516604915036712,0.5837093607005674,0.5438421456008201,0.32555882579691364,0.32555882579691364,0.9442738779267779
31,0.8979722209945642,0.912632917441841,0.7561359640888226,0.8490716571818596,0.6799315618111224,0.8593291092959627,0.7119726147380604,0.7397194778479107,0.5923629832900086,0.9186317011727934,0.9357274009313242,0.9186317011727934
32,0.9398576706540864,0.9296207695564203,0.8934527697712957,0.8932063363579921,0.8823622195530136,0.9296207695564203,0.8934527697712957,0.8932063363579921,0.8823622195530136,0.9329551631230041,0.9329551631230041,0.9357090127179186
33,0.9341902476473776,0.9324675187950681,0.9324675187950681,0.9324675187950681,0.9324675187950681,0.9324675187950681,0.9324675187950681,0.9324675187950681,0.9324675187950681,0.9324675187950682,0.9485844604807809,0.9324675187950682
34,0.9097234701702005,0.8789116646246246,0.8675421446266753,0.8318895235334745,0.8205200035355252,0.8789116646246246,0.8675421446266753,0.8318895235334745,0.8205200035355252,0.905921834575355,0.9278889031497211,0.905921834575355
35,0.9316422204342769,0.9296739375420652,0.9296739375420652,0.7090094676057002,0.7090094676057002,0.9296739375420652,0.9296739375420652,0.7090094676057002,0.7090094676057002,0.9144983025801604,0.9144983025801604,0.9424334849970741
36,0.8975084980206114,0.8818726512356646,0.8818726512356646,0.8818726512356646,0.8818726512356646,0.8818726512356646,0.8818726512356646,0.8818726512356646,0.8818726512356646,0.8525996226147998,0.9344861858004303,0.8525996226147998
37,0.890887820075608,0.8585484923270398,0.8428986513166199,0.5843215790309007,0.5843215790309007,0.8167281266709986,0.8018405979578617,0.5493058574697507,0.5493058574697507,0.8493826283950893,0.8493826283950893,0.9360330057594302
38,0.8688813454464397,0.8688813454464397,0.835193505152734,0.8688813454464397,0.835193505152734,0.8688813454464397,0.835193505152734,0.8688813454464397,0.835193505152734,0.8822072568265052,0.8822072568265052,0.898089590558162
39,0.9050547949335433,0.8987504719836449,0.8987504719836449,0.8987504719836449,0.8987504719836449,0.8987504719836449,0.8987504719836449,0.8987504719836449,0.8987504719836449,0.9177764493246194,0.9177764493246194,0.92399999288312
40,0.9598993090202546,0.9598993090202546,0.9598993090202546,0.9407440998705173,0.9407440998705173,0.9598993090202546,0.9598993090202546,0.9407440998705173,0.9407440998705173,0.9598993090202544,0.9598993090202544,0.9631548613581387
41,0.9293954253140814,0.9224363483119008,0.9224363483119008,0.9224363483119008,0.9224363483119008,0.9224363483119008,0.9224363483119008,0.9224363483119008,0.9224363483119008,0.9237016350395699,0.9406941574290875,0.9237016350395699
42,0.8090462624090128,0.7900015960156128,0.7900015960156128,0.7948337200131491,0.7948337200131491,0.7900015960156128,0.7900015960156128,0.7760457888324969,0.7760457888324969,0.8647312882041158,0.8647312882041158,0.8922077246032957
43,0.8840063102777374,0.8592365596916272,0.8592365596916272,0.8042282690285326,0.8042282690285326,0.8592365596916272,0.8592365596916272,0.7581220911074096,0.7581220911074096,0.8362869463102793,0.8362869463102793,0.9099222610966144
44,0.9129203001739034,0.8899041172073536,0.8899041172073536,0.8366761520180064,0.8366761520180064,0.8899041172073536,0.8899041172073536,0.8366761520180064,0.8366761520180064,0.9195486529881495,0.9210963282230298,0.9195486529881495
45,0.9288045402202477,0.9288045402202477,0.9288045402202477,0.8876391312544641,0.8876391312544641,0.9288045402202477,0.9288045402202477,0.8876391312544641,0.8876391312544641,0.8745382532328916,0.8745382532328916,0.9420772757863656
46,0.8490415395600195,0.8649281188132933,0.8513652702307037,0.7985061006547373,0.7849432520721478,0.8115857365528194,0.7988593443622662,0.7492601382077237,0.7365337460171706,0.8798854454530731,0.9233914579532922,0.8798854454530731
47,0.909255180234716,0.8828856656806914,0.853328397279206,0.8828856656806914,0.853328397279206,0.8604907770248301,0.831683245265985,0.8604907770248301,0.831683245265985,0.8944343791573302,0.9191946321915748,0.8944343791573302
48,0.8758637544689405,0.9125842178036668,0.9082445053248169,0.8885075354456867,0.8841678229668368,0.8689175599157711,0.8647855003159091,0.8459929336980251,0.841860874098163,0.8977418207073423,0.8977418207073423,0.9187319240240367
49,0.922481051249845,0.8310350370428491,0.8310350370428491,0.8310350370428491,0.8310350370428491,0.8310350370428491,0.8310350370428491,0.8310350370428491,0.8310350370428491,0.8852681018871096,0.9334118240640074,0.8852681018871096
50,0.8865547150108151,0.8485884268218082,0.8485884268218082,0.8054892849670773,0.8054892849670773,0.8485884268218082,0.8485884268218082,0.8054892849670773,0.8054892849670773,0.8594590149320667,0.8594590149320667,0.8939561146158951
51,0.8480926138613082,0.8739623823110746,0.8595518733609598,0.6132965813823044,0.6132965813823044,0.798280188330588,0.7851175808414448,0.551700075070738,0.551700075070738,0.8419993649773143,0.8419993649773143,0.9138199700448306
52,0.9357718719251785,0.9244268151632086,0.9244268151632086,0.9244268151632086,0.9244268151632086,0.9244268151632086,0.9244268151632086,0.9244268151632086,0.9244268151632086,0.9346351484885665,0.9673005263276301,0.9346351484885665
53,0.8732050190614314,0.8513584638772973,0.839549256028633,0.8513584638772973,0.839549256028633,0.8513584638772973,0.839549256028633,0.8513584638772973,0.839549256028633,0.8871405275337605,0.9036036245906889,0.8871405275337605
54,0.9285371245940455,0.9141052964681945,0.9141052964681945,0.8677661938273612,0.8677661938273612,0.9141052964681945,0.9141052964681945,0.8677661938273612,0.8677661938273612,0.8811059478720655,0.8811059478720655,0.9141052964681945
55,0.9262405656291413,0.914797878540892,0.914797878540892,0.874582054643412,0.874582054643412,0.9109655322885889,0.9109655322885889,0.8709181838167872,0.8709181838167872,0.9170716267444949,0.9274986585160956,0.9170716267444949
56,0.9437421270785383,0.9437421270785383,0.9437421270785383,0.9437421270785383,0.9437421270785383,0.9437421270785383,0.9437421270785383,0.9437421270785383,0.9437421270785383,0.9511742027572498,0.9511742027572498,0.9632956937459655
57,0.9159449999811743,0.906594386501965,0.889533646205297,0.9047244731547592,0.8873221890814462,0.906594386501965,0.889533646205297,0.8869680101478021,0.8699072698511341,0.9031369862535032,0.9031369862535032,0.9291214834375121
58,0.8870866053555787,0.7985179961897502,0.755546370409904,0.755546370409904,0.755546370409904,0.7869601922998164,0.7446105407597056,0.7446105407597056,0.7446105407597056,0.900332712605164,0.900332712605164,0.9027457949219599
59,0.8506123907101669,0.8179604313772524,0.8130375701265024,0.47861515613333283,0.47369229488258274,0.8179604313772524,0.8130375701265024,0.47861515613333283,0.47369229488258274,0.8585146918002842,0.8585146918002842,0.8706090764258461
60,0.9130115294341321,0.905156538571657,0.8983834196430664,0.8814693514932569,0.8746962325646664,0.8811654296557061,0.8745718317568956,0.8581060697661888,0.8515124718673784,0.8541326398903397,0.8541326398903397,0.9332205683950183
61,0.9230696048921606,0.9230696048921606,0.8956993032544347,0.8891537823020744,0.8617834806643486,0.9230696048921606,0.8956993032544347,0.8891537823020744,0.8617834806643486,0.864345052051531,0.864345052051531,0.9389875666009655
62,0.9058321026617806,0.9302012024714749,0.9302012024714749,0.7008862526842341,0.7008862526842341,0.9010837071269542,0.9010837071269542,0.678946857050957,0.678946857050957,0.9043929022479771,0.9043929022479771,0.9323860697417925
63,0.7962093356915846,0.7778604020577969,0.7778604020577969,0.7729893107850749,0.7729893107850749,0.7500144649881915,0.7500144649881915,0.7053399934396184,0.7053399934396184,0.814940922528253,0.814940922528253,0.8157591337007033
64,0.9121890140688557,0.896827405006789,0.896827405006789,0.896827405006789,0.896827405006789,0.896827405006789,0.896827405006789,0.896827405006789,0.896827405006789,0.8969187995055602,0.9476096936676002,0.8969187995055602
65,0.7708939600458745,0.7201290057181837,0.7201290057181837,0.6965453939839898,0.6965453939839898,0.7169155834482205,0.7169155834482205,0.6934372085570798,0.6934372085570798,0.7563339556624408,0.7563339556624408,0.9209103456507839
66,0.9364235653892177,0.9317922529168536,0.9317922529168536,0.3478905234202144,0.3478905234202144,0.9317922529168536,0.9317922529168536,0.3478905234202144,0.3478905234202144,0.9380202329078385,0.9429513410705178,0.9380202329078385
67,0.9168893974032782,0.9131414778827739,0.7173561438111804,0.8790228322282733,0.6956865351651138,0.9131414778827739,0.7173561438111804,0.8790228322282733,0.6956865351651138,0.9038287898791665,0.9038287898791665,0.9324613658646556
68,0.9422953727054152,0.9313401884209624,0.9313401884209624,0.6695293462763371,0.6695293462763371,0.9313401884209624,0.9313401884209624,0.6695293462763371,0.6695293462763371,0.9408837922124561,0.9408837922124561,0.9422953727054151
69,0.8406650079509922,0.8333820142915155,0.8333820142915155,0.7688699682189453,0.7688699682189453,0.8333820142915155,0.8333820142915155,0.7688699682189453,0.7688699682189453,0.5673400301410232,0.5673400301410232,0.9731469778662231
70,0.9557848092772766,0.9370053519745943,0.9370053519745943,0.8746517143394583,0.8746517143394583,0.9370053519745943,0.9370053519745943,0.8746517143394583,0.8746517143394583,0.9502867487497998,0.9557848092772766,0.9502867487497998
71,0.9124299947896902,0.8895643853832734,0.8895643853832734,0.258879873501243,0.258879873501243,0.8895643853832734,0.8895643853832734,0.258879873501243,0.258879873501243,0.9009634632586901,0.9009634632586901,0.9227247267949338
72,0.9566904694484653,0.9566167475060393,0.9566167475060393,0.9566167475060393,0.9566167475060393,0.9516603801439204,0.9516603801439204,0.9516603801439204,0.9516603801439204,0.9515650544198304,0.9515650544198304,0.962257927526331
73,0.9432424790455859,0.9432424790455859,0.9432424790455859,0.8451614141278749,0.8451614141278749,0.9432424790455859,0.9432424790455859,0.637717450032323,0.637717450032323,0.9303470224699333,0.9303470224699333,0.952300213097508
74,0.9069403267746637,0.8814076450059646,0.8814076450059646,0.8267336651075525,0.8267336651075525,0.8814076450059646,0.8814076450059646,0.8122912684233887,0.8122912684233887,0.9086864455122099,0.9086864455122099,0.922266974583315
75,0.9114241792071665,0.9114241792071665,0.8972379427602986,0.7989543371547102,0.7989543371547102,0.9114241792071665,0.8972379427602986,0.7989543371547102,0.7989543371547102,0.8786674215378013,0.8786674215378013,0.924825422725445
76,0.9467860123330535,0.9467860123330535,0.9467860123330535,0.9286951820354407,0.9286951820354407,0.9467860123330535,0.9467860123330535,0.9286951820354407,0.9286951820354407,0.9385618392586187,0.9385618392586187,0.9467860123330535
77,0.903945022830115,0.903945022830115,0.8701697039054743,0.7640357626299922,0.7302604437053513,0.903945022830115,0.8701697039054743,0.7640357626299922,0.7302604437053513,0.8476296481517289,0.8476296481517289,0.9363556885896784
78,0.9348249314725551,0.9126902906783825,0.9126902906783825,0.8095891097172456,0.8095891097172456,0.730619754608409,0.730619754608409,0.6480859966589588,0.6480859966589588,0.5793007098290284,0.5793007098290284,0.9584088658611641
79,0.9228679858943598,0.9228679858943598,0.9228679858943598,0.8772713422171206,0.8772713422171206,0.9228679858943598,0.9228679858943598,0.8772713422171206,0.8772713422171206,0.9148452263326938,0.9148452263326938,0.9569315217442583
80,0.9514633039581611,0.9514633039581611,0.9311257385287619,0.9097879387432023,0.89450792341616,0.9514633039581611,0.9311257385287619,0.8975290906823699,0.8824549644183549,0.9182998151359565,0.9182998151359565,0.9569967005890448
81,0.8445192412338612,0.8445192412338612,0.8445192412338612,0.8445192412338612,0.8445192412338612,0.8445192412338612,0.8445192412338612,0.8445192412338612,0.8445192412338612,0.8624772442534934,0.8624772442534934,0.891707093784283
82,0.9264430791132644,0.9147796629845909,0.9075393235038377,0.819467322863857,0.8122269833831038,0.9147796629845909,0.9075393235038377,0.819467322863857,0.8122269833831038,0.9267419579130174,0.9267419579130174,0.9355098673624284
83,0.8446323196341132,0.8446323196341132,0.8320240752450722,0.8363458340642537,0.8237375896752127,0.8446323196341132,0.8320240752450722,0.8363458340642537,0.8237375896752127,0.8387445943490981,0.8387445943490981,0.9441489570322434
84,0.9402002375089381,0.9286841545085228,0.9286841545085228,0.8243253554088508,0.8243253554088508,0.9213666563793677,0.9213666563793677,0.8162294022512449,0.8162294022512449,0.9172848468572643,0.9172848468572643,0.9480675049989394
85,0.9454719600089839,0.9396340661342717,0.9396340661342717,0.9167049442327567,0.9167049442327567,0.9095349356257992,0.9095349356257992,0.887340298198009,0.887340298198009,0.9418001792056371,0.9418001792056371,0.9500165752899525
86,0.9454402033137148,0.9370924839033535,0.9370924839033535,0.4909127109102609,0.4909127109102609,0.9370924839033535,0.9370924839033535,0.4909127109102609,0.4909127109102609,0.8410158612442633,0.8410158612442633,0.9457180988928855
87,0.9310193847503561,0.9310193847503561,0.9310193847503561,0.931898787391274,0.931898787391274,0.9310193847503561,0.9310193847503561,0.9105957247888431,0.9105957247888431,0.9289194019645148,0.9451525798411957,0.9289194019645148
88,0.9212170468965604,0.9044468920592731,0.9044468920592731,0.8881595187285573,0.8881595187285573,0.9044468920592731,0.9044468920592731,0.8881595187285573,0.8881595187285573,0.9212170468965604,0.9212170468965604,0.9234361724860599
89,0.9036361428649249,0.9061605931749159,0.8933129097239961,0.8950876074356362,0.8820356720725837,0.8796688851406768,0.8671968051771097,0.8553217514344416,0.8428496714708744,0.8046578102426579,0.8046578102426579,0.9076362291955342
90,0.8651966833864202,0.8255310634155022,0.8255310634155022,0.8160197764122947,0.8160197764122947,0.6910469871718998,0.6910469871718998,0.6830851471891618,0.6830851471891618,0.7395063899458545,0.7395063899458545,0.9113512446990039
91,0.7759597763962575,0.7370510136985949,0.7370510136985949,0.7370510136985949,0.7370510136985949,0.7370510136985949,0.7370510136985949,0.7370510136985949,0.7370510136985949,0.8083070109707766,0.8785920501442664,0.8083070109707766
92,0.891722755069884,0.8783544317990788,0.8783544317990788,0.8290758553796748,0.8290758553796748,0.8739241452295936,0.8739241452295936,0.8248941224775594,0.8248941224775594,0.8836529508016235,0.8938585882507188,0.8836529508016235
93,0.9157656031535606,0.9157656031535606,0.9157656031535606,0.7771990215688638,0.7771990215688638,0.9157656031535606,0.9157656031535606,0.7771990215688638,0.7771990215688638,0.8555405267550901,0.9610060248058657,0.8555405267550901
94,0.943941933767549,0.9501797016169922,0.9501797016169922,0.9420163610491391,0.9420163610491391,0.943941933767549,0.943941933767549,0.9358321841396535,0.9358321841396535,0.936514320239407,0.936514320239407,0.9614511338179648
95,0.9425496160941113,0.9381494180747553,0.9035642165746288,0.9381494180747553,0.9035642165746288,0.8714072293551405,0.8392825016355813,0.8714072293551405,0.8392825016355813,0.8935880993728057,0.8935880993728057,0.9425496160941113
96,0.9284541886455923,0.927584278721751,0.927584278721751,0.5195728127318398,0.5195728127318398,0.927584278721751,0.927584278721751,0.5195728127318398,0.5195728127318398,0.8933179448585038,0.8933179448585038,0.9441778468799111
97,0.836341789400994,0.836341789400994,0.836341789400994,0.7696097002408446,0.7696097002408446,0.836341789400994,0.836341789400994,0.7696097002408446,0.7696097002408446,0.7591647920343545,0.7591647920343545,0.917532088080711
98,0.913482000547778,0.913482000547778,0.9060827593294841,0.9207943950860855,0.9133359231757365,0.913482000547778,0.9060827593294841,0.913482000547778,0.9060827593294841,0.9060387229192588,0.9060387229192588,0.9426708994035421
99,0.8677079407246191,0.8761922224616815,0.842374428897466,0.7170144600306749,0.6868383146338434,0.8081681296802095,0.7769758156262022,0.6542942488310586,0.6267577352938114,0.838637493817351,0.838637493817351,0.916647847079063
100,0.958333664210345,0.958333664210345,0.958333664210345,0.9575422778578194,0.9575422778578194,0.958333664210345,0.958333664210345,0.9396942668852658,0.9396942668852658,0.9475342060367393,0.9475342060367393,0.9583336642103453
101,0.8706368832198105,0.8528804249835579,0.8528804249835579,0.6682571193239941,0.6682571193239941,0.7869916732591982,0.7869916732591982,0.6166313273215299,0.6166313273215299,0.8453228027978178,0.9093681724603788,0.8453228027978178
102,0.8985522959183673,0.8969007812499998,0.8969007812499998,0.8969007812499998,0.8969007812499998,0.8969007812499998,0.8969007812499998,0.8969007812499998,0.8969007812499998,0.44368070790816305,0.44368070790816305,0.9842717873086733
103,0.9344647950057318,0.9573702070987576,0.9573702070987576,0.8747184508036768,0.8747184508036768,0.898285469875741,0.898285469875741,0.8207346215319475,0.8207346215319475,0.8967221575991682,0.8967221575991682,0.9595523204246845
104,0.8880711206468955,0.8716945236097448,0.8716945236097448,0.8713271679508917,0.8713271679508917,0.8716945236097448,0.8716945236097448,0.7863031196772173,0.7863031196772173,0.9004749090324298,0.9296378756854322,0.9004749090324298
105,0.9385889087735926,0.8950189971958877,0.8352854342650045,0.8708211420697782,0.8110875791388951,0.8950189971958877,0.8352854342650045,0.8708211420697782,0.8110875791388951,0.9132891722919854,0.9385889087735924,0.9132891722919854
106,0.9084045381685745,0.9166798032811687,0.9166798032811687,0.3114961958839299,0.3114961958839299,0.8746929284226508,0.8746929284226508,0.28967363191168966,0.28967363191168966,0.8511164918654511,0.8511164918654511,0.900333180648137
107,0.8553961501835268,0.8318824815967057,0.7080318368496122,0.6620173713272094,0.6179512201147493,0.7108552833695322,0.6050231651138241,0.48585020984141847,0.453510350283722,0.8630748663929875,0.8630748663929875,0.9052914916725688
108,0.9529361507974247,0.9202312647855421,0.9202312647855421,0.9001429667970936,0.9001429667970936,0.9003414659396924,0.9003414659396924,0.8806873546839007,0.8806873546839007,0.907690300929263,0.907690300929263,0.9374858699217057
109,0.9287646046688943,0.9287646046688943,0.7888212992586063,0.8771256937713012,0.7371823883610134,0.9287646046688943,0.7888212992586063,0.8771256937713012,0.7371823883610134,0.9287646046688945,0.9287646046688945,0.9364599546966001
110,0.7905513892836544,0.76334896782689,0.7549075075967066,0.76334896782689,0.7549075075967066,0.7491404323808669,0.7408560966009048,0.7491404323808669,0.7408560966009048,0.6867995284675412,0.6867995284675412,0.9506163014036296
111,0.9117220654470443,0.9061333745919388,0.9061333745919388,0.8593258190043707,0.8593258190043707,0.9061333745919388,0.9061333745919388,0.8593258190043707,0.8593258190043707,0.9061333745919388,0.9085974842643619,0.9061333745919388
112,0.83764369941066,0.8034358981155689,0.7158530374782427,0.6750914653629113,0.5875086047255852,0.7540680653767247,0.6718668114424028,0.6336098703487644,0.5514086164144425,0.781360268013135,0.781360268013135,0.8796086657595868
113,0.9134122686171462,0.9134122686171462,0.9134122686171462,0.9134122686171462,0.9134122686171462,0.9134122686171462,0.9134122686171462,0.9134122686171462,0.9134122686171462,0.85858573325037,0.85858573325037,0.9413739932342358
114,0.9386071431038494,0.9357228899564694,0.9357228899564694,0.9330962058297945,0.9330962058297945,0.9357228899564694,0.9357228899564694,0.8960699685779365,0.8960699685779365,0.9566000371982126,0.9566000371982126,0.9667557593235537
115,0.9663058776774637,0.965839968388379,0.965839968388379,0.1643333373771717,0.1643333373771717,0.965839968388379,0.965839968388379,0.1643333373771717,0.1643333373771717,0.7013816789233016,0.7013816789233016,0.9558418706275252
116,0.894110593387489,0.8737482264280484,0.7981487256475001,0.7699283762971232,0.6876561317016204,0.8737482264280484,0.7981487256475001,0.7074828354448758,0.6318833346643274,0.7914903178002385,0.7914903178002385,0.906005841759457
117,0.8826058383127805,0.8611397168584451,0.8611397168584451,0.7226680971102895,0.7226680971102895,0.8611397168584451,0.8611397168584451,0.7226680971102895,0.7226680971102895,0.863379051640294,0.9232969851168167,0.863379051640294
118,0.8734300969504523,0.5270868763875972,0.5270868763875972,0.5270868763875972,0.5270868763875972,0.09215037424598652,0.09215037424598652,0.09215037424598652,0.09215037424598652,0.70230502955749,0.9255707541492874,0.70230502955749
119,0.8306717615555267,0.8233943021468855,0.8150180757878683,0.6006765997913075,0.5923003734322904,0.8185446399720074,0.8102177482610874,0.5971387096483386,0.5888118179374185,0.8687174283308875,0.8687174283308875,0.9110581224753885
120,0.824918623980249,0.7907218854467535,0.7907218854467535,0.7907218854467535,0.7907218854467535,0.7907218854467535,0.7907218854467535,0.7907218854467535,0.7907218854467535,0.8015124665686589,0.8015124665686589,0.9197061284142132
121,0.8331215700189287,0.8331215700189287,0.8331215700189287,0.8331215700189287,0.8331215700189287,0.8331215700189287,0.8331215700189287,0.8331215700189287,0.8331215700189287,0.8424037995718718,0.8424037995718718,0.9074794938396612
122,0.9358548265894439,0.9358548265894439,0.9358548265894439,0.5184505645625183,0.5184505645625183,0.9358548265894439,0.9358548265894439,0.5184505645625183,0.5184505645625183,0.9358548265894439,0.9379279858953009,0.9358548265894439
123,0.91268276042389,0.9477272397517228,0.8802566982466481,0.9391366762589186,0.8711218642207559,0.8921500153564406,0.8286361243178872,0.8769887431689102,0.8134748521303569,0.91932214673792,0.9296721368226575,0.91932214673792
124,0.8525074777410959,0.8499651320086699,0.8363324931280632,0.6819229589576628,0.6682903200770562,0.83191213234022,0.8185690465435265,0.6674391236938823,0.6540960378971887,0.8567783508720057,0.8567783508720057,0.8970303213459568
125,0.9702684633885553,0.9702684633885553,0.9118533615715241,0.9702684633885553,0.9118533615715241,0.9702684633885553,0.9118533615715241,0.9702684633885553,0.9118533615715241,0.9665112060371723,0.9665112060371723,0.9738088133791728
126,0.8974084714525014,0.9281189310101942,0.8719866951021221,0.9281189310101942,0.8719866951021221,0.7761152312861329,0.7291761141118033,0.7761152312861329,0.7291761141118033,0.7555563319736129,0.7555563319736129,0.9505842433947765
127,0.8811198381489723,0.8694869355411732,0.8659756983379787,0.8164696600899979,0.8126844239843389,0.8183274030364383,0.8150227626738471,0.7128058906367151,0.709501250274124,0.6835260447218333,0.6835260447218333,0.9235199037906622
128,0.8082872858768095,0.8082872858768095,0.8082872858768095,0.8082872858768095,0.8082872858768095,0.8082872858768095,0.8082872858768095,0.8082872858768095,0.8082872858768095,0.5470023431724061,0.5470023431724061,0.9620092723550667
129,0.9081764470455473,0.9021556280043831,0.9021556280043831,0.5604485865839801,0.5604485865839801,0.8977071907934727,0.8977071907934727,0.5460464224231975,0.5460464224231975,0.8891301407157335,0.8891301407157335,0.9323819747077814
130,0.916519945753658,0.916519945753658,0.89178900840631,0.9043941296547467,0.89178900840631,0.916519945753658,0.89178900840631,0.9043941296547467,0.89178900840631,0.9250264248232183,0.9291245122013694,0.9250264248232183
131,0.8674131737476614,0.8847268121526666,0.8513657818339119,0.7392646729626482,0.7050375138981322,0.83924629054328,0.8076002269684762,0.683516174833117,0.6518701112583131,0.8341584629700124,0.8341584629700124,0.9148730633807071
132,0.7004824378586372,0.6993325599778761,0.6167287366301051,0.6285113532979153,0.5871036949876285,0.661766376804481,0.5835997991053371,0.5800154423476752,0.5418027973009305,0.658904020978625,0.658904020978625,0.9251344013168703
133,0.7297698022534652,0.7030735052852254,0.6690433727132714,0.38402399398072423,0.38402399398072423,0.6401194752960925,0.6091364408872244,0.23007215773019077,0.23007215773019077,0.7410648395758965,0.7410648395758965,0.8615608200318756
134,0.8036296948712359,0.8036296948712359,0.7512967244557468,0.7373194509919141,0.684986480576425,0.8036296948712359,0.7512967244557468,0.7373194509919141,0.684986480576425,0.83949356747131,0.83949356747131,0.8922417683246271
135,0.6710667167713531,0.6279057113551603,0.611264494346224,0.620651127111642,0.6055452844766414,0.5408531975295697,0.5265191099949276,0.534604384986702,0.5215928083394918,0.7789548134082506,0.7789548134082506,0.8465033967321081
136,0.8773986575936791,0.8691512403848966,0.8339909309393118,0.8691512403848966,0.8339909309393118,0.8664924019208579,0.8314396521022029,0.8664924019208579,0.8314396521022029,0.5361748994823008,0.9144727091989022,0.5361748994823008
137,0.9247479766460535,0.9399695960290861,0.9246732514655628,0.8453379937787174,0.830041649215194,0.9247479766460535,0.9096993370464791,0.8316488135694057,0.8166001739698313,0.9029055056635166,0.9029055056635166,0.9445024584100814
138,0.2062378168194436,0.17096045553359848,0.17096045553359848,0.17096045553359848,0.17096045553359848,0.13969238973806364,0.13969238973806364,0.13969238973806364,0.13969238973806364,0.7471910993959272,0.8796268914197556,0.7471910993959272
139,0.7269474803378578,0.7273795178541544,0.7190496075414724,0.7273795178541544,0.7190496075414724,0.7178057802394057,0.7095855078443863,0.7178057802394057,0.7095855078443863,0.7410104595023763,0.7410104595023763,0.8783492165499831
140,0.8337668960525808,0.8054568330846433,0.8054568330846433,0.8054568330846433,0.8054568330846433,0.7990099158448615,0.7990099158448615,0.7990099158448615,0.7990099158448615,0.8559070680771905,0.8559070680771905,0.9040850541712002
141,0.8490711267991872,0.8376175694584966,0.8195604946034529,0.7566167188323528,0.7385596439773092,0.792379174984418,0.7752973340608552,0.7157530516407145,0.6986712107171518,0.8787380410077512,0.8787380410077512,0.9083829205791418
142,0.8925691711432536,0.8811451937201753,0.8188154186052359,0.8120064465505807,0.7496766714356412,0.8785256613774114,0.816381184738812,0.8095924548901466,0.7474479782515473,0.8721673540793148,0.9119897591079882,0.8721673540793148
143,0.8916447054031662,0.8894629405339849,0.6446474152306306,0.8013465315789623,0.5863136136642211,0.8894629405339849,0.6446474152306306,0.47868013797432674,0.35023135488215484,0.7265526858078941,0.7265526858078941,0.9328676458301544
144,0.8603436631339924,0.9117168565758221,0.9117168565758221,0.8113513490031733,0.8113513490031733,0.7844235637242142,0.7844235637242142,0.6980710206541944,0.6980710206541944,0.8216536124732401,0.9203707730334902,0.8216536124732401
145,0.8354578476568724,0.9865464090468138,0.9865464090468138,0.9865464090468138,0.9865464090468138,0.8340462402943969,0.8340462402943969,0.8340462402943969,0.8340462402943969,0.8961965297020404,0.9054451732343365,0.8961965297020404
146,0.9144396213545208,0.9139390037362864,0.8922668974598685,0.5429525390870148,0.5212804328105969,0.8895738605704898,0.8684795214863796,0.5284777040126764,0.5073833649285662,0.8952110771111849,0.8952110771111849,0.9414052627795259
147,0.8815448955513396,0.8450258461776724,0.8439192304096577,0.7372687649367967,0.736162149168782,0.8450258461776724,0.8439192304096577,0.7372687649367967,0.736162149168782,0.8575666674808691,0.8575666674808691,0.8887708559368468
148,0.8612544607692297,0.8612544607692297,0.8119981192066301,0.8046964645886134,0.7530637897489857,0.8612544607692297,0.8119981192066301,0.7676612539850907,0.718404912422491,0.7748540814595398,0.8672176118413363,0.7748540814595398
149,0.8041527978967236,0.8095731795917808,0.7685433350595807,0.7448385178628311,0.703808673330631,0.7297739977990717,0.6927884424124219,0.6714201959723767,0.6344346405857269,0.8665483213200866,0.8665483213200866,0.8933312769236644
150,0.9030664764484808,0.9072741462526663,0.7729193435168,0.7823322773976823,0.6393748125662458,0.7829737346127373,0.6670261105172495,0.6345213866546286,0.5185737625591409,0.6794925086320407,0.6794925086320407,0.9257161560267845
151,0.8155077305297546,0.8155077305297546,0.7807736152500612,0.7748686603508967,0.7401345450712032,0.8155077305297546,0.7807736152500612,0.7748686603508967,0.7401345450712032,0.7562570294863404,0.7562570294863404,0.9284256422689074
152,0.8108037956989432,0.8153646948063837,0.7779611235290015,0.7564052453371922,0.7207857046153185,0.8108037956989432,0.7736094484852724,0.7521741472404799,0.7167538512645717,0.7952355296393148,0.7952355296393148,0.8064348757710369
153,0.8905710568731221,0.8862849284336871,0.8622423685498446,0.8561644486084661,0.8321218887246236,0.8862849284336871,0.8622423685498446,0.8561644486084661,0.8321218887246236,0.8653760917588094,0.8653760917588094,0.9132753160130355
154,0.73781787847411,0.7004715118990295,0.4569209970369477,0.4599800073312238,0.34037755955394183,0.6957237796250352,0.4538240280275776,0.38120880765218546,0.2820881811406308,0.5730717757868924,0.5730717757868924,0.8871596467855188
155,0.8131249185744329,0.8686329637604019,0.8372737423572653,0.3798096376606365,0.3476655256470369,0.7423341905859487,0.7155345833767937,0.3166598317990585,0.28986022458990346,0.8813515783036074,0.8833810063657901,0.8813515783036074
156,0.8659001724980981,0.8654469702052526,0.8426510112212396,0.8646040038200903,0.8417763792868266,0.8438727102315804,0.8216450193938568,0.841881312090398,0.8196536212526743,0.8379680670511691,0.8379680670511691,0.9092635985972066
157,0.28118297828954303,0.28118297828954303,0.28118297828954303,0.01021026684978676,0.01021026684978676,0.28118297828954303,0.28118297828954303,0.01021026684978676,0.01021026684978676,0.5903111744101672,0.8623869375759791,0.5903111744101672
158,0.0959871378297497,0.04069353032861149,0.04069353032861149,0.04069353032861149,0.04069353032861149,0.04069353032861149,0.04069353032861149,0.04069353032861149,0.04069353032861149,0.6907266108930326,0.6907266108930326,0.8164404840736713
159,0.821963720310528,0.821963720310528,0.8075229722198973,0.7853098961032335,0.7693641018516962,0.821963720310528,0.8075229722198973,0.7111883048166642,0.6967475567260335,0.7718749093527899,0.7718749093527899,0.9038967480453183
160,0.8348583764421521,0.8283820537427127,0.8283820537427127,0.6708407708051661,0.6708407708051661,0.8228514727998264,0.8228514727998264,0.6524501657710254,0.6524501657710254,0.7984383060709622,0.7984383060709622,0.8345313035959674
161,0.8596540391519168,0.8596540391519168,0.8275629290236313,0.4095588720163156,0.3947574565850826,0.8596540391519168,0.8275629290236313,0.3793138948486803,0.3656055297756593,0.8465758289040305,0.8465758289040305,0.8970797161115204
162,0.8613890270028525,0.8861874922971129,0.8861874922971129,0.8735048197243697,0.8735048197243697,0.84985056689901,0.84985056689901,0.8376879302454487,0.8376879302454487,0.8669859549410632,0.8948545021401414,0.8669859549410632
163,0.6799188125118657,0.7220175272398961,0.617311490917367,0.6412211611201365,0.5365151247976074,0.5845512450824701,0.49978038898710486,0.519137851873039,0.4343669957776736,0.6402198257754799,0.6402198257754799,0.8872267638724066
164,0.7862328432746242,0.8302198242844249,0.8302198242844249,0.8302198242844249,0.8302198242844249,0.7773524216192009,0.7773524216192009,0.7773524216192009,0.7773524216192009,0.8072132603483607,0.8072132603483607,0.8337992828972878
165,0.9124398651468522,0.9191838092796396,0.9191838092796396,0.27420636296622175,0.27420636296622175,0.8410876498820736,0.8410876498820736,0.25090910336063826,0.25090910336063826,0.80336862224217,0.80336862224217,0.9269586281003286
166,0.22653730205119707,0.22403510569372176,0.19713010297266814,0.22403510569372176,0.19713010297266814,0.22331267632929208,0.1964944321720607,0.22331267632929208,0.1964944321720607,0.6334838938095744,0.6531860350451066,0.6334838938095744
167,0.9205794953324863,0.9205794953324863,0.9205794953324863,0.4679890394197523,0.4679890394197523,0.9205794953324863,0.9205794953324863,0.4679890394197523,0.4679890394197523,0.8947599946981847,0.9209702518811625,0.8947599946981847
168,0.8810490741294388,0.8589526179906936,0.8382102494022204,0.7666618033400463,0.7459194347515732,0.8566259100402883,0.8359397278268191,0.7645850902877291,0.74389890807426,0.8652748035433404,0.8652748035433404,0.9155194017750656
169,0.9220505284926467,0.9187043830422793,0.9123854492187499,0.548205515630995,0.5418225632665912,0.9187043830422793,0.9123854492187499,0.5427072265625005,0.536388292738971,0.8786920209099266,0.8786920209099266,0.9278120576746323
170,0.8774687401400618,0.8629987598835934,0.8446231952180919,0.35056628946055973,0.3335893214810102,0.8535897654559306,0.8354145435876379,0.3467441793749024,0.3299523057483734,0.8529624427486016,0.8870626830581207,0.8529624427486016
171,0.794801513253251,0.718795870621884,0.6912902035452637,0.718795870621884,0.6912902035452637,0.718795870621884,0.6912902035452637,0.718795870621884,0.6912902035452637,0.8081081670023388,0.8907830338030821,0.8081081670023388
172,0.7646527241986069,0.7814318806023549,0.5762228847830213,0.6869870154600056,0.4698427553890267,0.7140782537304102,0.5265567499091349,0.5932684483699474,0.40574694454867205,0.601474179817522,0.601474179817522,0.938450027948942
173,0.6884097998425758,0.6777643067643201,0.674449623504559,0.6703071506614011,0.666826196961301,0.674630062021218,0.6713307071410695,0.6353377146813227,0.6320383598011742,0.5766175017525024,0.5766175017525024,0.9272918845952605
174,0.8529228484405528,0.8488687115041598,0.8488687115041598,0.8406074406105793,0.8406074406105793,0.8488687115041598,0.8488687115041598,0.8406074406105793,0.8406074406105793,0.8557439533759558,0.8557439533759558,0.8757795651769072
175,0.8771002752538303,0.8982701307179051,0.8929536546643101,0.8847299092506014,0.8794134331970063,0.8771002752538303,0.8719090945048258,0.863879161059063,0.8586879803100584,0.9150130033701178,0.9397513935381728,0.9150130033701178
176,0.8450088253009203,0.8544638540970548,0.7347541450730535,0.8372543818723054,0.7175446728483043,0.7425393141711988,0.6385101445204259,0.7275840768703565,0.6235549072195838,0.8005293271100116,0.8005293271100116,0.8186106459022778
177,0.9452831744216993,0.9450274614724823,0.7920509494965191,0.9326294918936804,0.7789590986268451,0.9406315255063231,0.788366606556371,0.924099632822204,0.7718347138722519,0.9309445744746973,0.9309445744746973,0.9587290939407636
178,0.8793828893917853,0.8695249072302657,0.7685790417180114,0.825397695517869,0.7368574914582711,0.8604531799705193,0.760560479643427,0.816786346133511,0.7291698793654754,0.8986639967668991,0.9107306223544025,0.8986639967668991
179,0.8372667260620619,0.8356984367565033,0.8337489812447482,0.7198025266327887,0.7178530711210335,0.7978684592902522,0.7960072507523306,0.687218867067319,0.6853576585293975,0.7732596469579177,0.7732596469579177,0.9405165972373085
180,0.808338827294726,0.8447229283968134,0.8349516185684569,0.7680486921165274,0.7582773822881709,0.7277743559409211,0.7193558455892158,0.6617153665962705,0.6532968562445652,0.877229985899437,0.8801621548230318,0.877229985899437
181,0.5890188224316348,0.594204685256306,0.594204685256306,0.5961301336791701,0.5961301336791701,0.5471095772574788,0.5471095772574788,0.5471095772574788,0.5471095772574788,0.6356280194472813,0.7038861583765463,0.6356280194472813
182,0.6680834606996982,0.67174190944395,0.5533453718231097,0.4289595657591344,0.31056302813829423,0.6641336787507515,0.5470781147372317,0.42410111746453377,0.307045553451014,0.7605053899170404,0.7605053899170404,0.8861014653136998
183,0.9346042956427254,0.8793254839148236,0.8793254839148236,0.8267645373488036,0.8267645373488036,0.8793254839148236,0.8793254839148236,0.8267645373488036,0.8267645373488036,0.7082223076054126,0.9742019134363719,0.7082223076054126
184,0.7440487655258582,0.7729375020182957,0.6691001768382435,0.6420621864818775,0.5374795870003715,0.7278145813619665,0.6300391219511781,0.6002712264257903,0.502495767015002,0.6938288363027862,0.6938288363027862,0.9189089201202548
185,0.9196541837356131,0.9196541837356131,0.6881966189450079,0.6548826947997797,0.47172808820716744,0.9196541837356131,0.6881966189450079,0.6373819141033104,0.45912184607306683,0.5649985930012427,0.5649985930012427,0.9509014819465453
186,0.9380133678047444,0.9438728634294051,0.9438728634294051,0.8421034397415238,0.8421034397415238,0.9129861334746963,0.9129861334746963,0.8145469514209193,0.8145469514209193,0.9295154769816407,0.9295154769816407,0.9297891639718969
187,0.9177197544709672,0.9177197544709672,0.915888534393492,0.8440752869335375,0.8422440668560621,0.9177197544709672,0.915888534393492,0.8440752869335375,0.8422440668560621,0.8423574501586654,0.8423574501586654,0.9280138764478234
188,0.816202784351739,0.8084956101211204,0.778277772447485,0.4938586038158126,0.46364076614217714,0.6740961723891585,0.6489015659390097,0.411762525814853,0.3865679193647042,0.8414924132380537,0.8414924132380537,0.8855071365955091
189,0.8689425674447558,0.8765871474018065,0.8455285046237737,0.8553079499654144,0.8235426419603274,0.8554183148557141,0.8251097118313164,0.8160849287204093,0.7857763256960115,0.8105807758137162,0.8105807758137162,0.8997613877530755
190,0.921810803526942,0.960683236654679,0.960683236654679,0.7021194039602116,0.7021194039602116,0.770658184809443,0.770658184809443,0.5632387916538225,0.5632387916538225,0.8597607996362937,0.8597607996362937,0.9153167763775557
191,0.8498504970748115,0.8411307742652814,0.8010311616147258,0.7168687426031305,0.6767691299525749,0.8191759707670189,0.7801230195192259,0.6981573687485169,0.659104417500724,0.8350661628496667,0.8350661628496667,0.9144004438281919
192,0.8889339896675619,0.8820225858024859,0.8820225858024859,0.35315531457145666,0.35315531457145666,0.8445083291517965,0.8445083291517965,0.20999318052441654,0.20999318052441654,0.8249370486681814,0.9124572470510366,0.8249370486681814
193,0.9124066785184692,0.9124066785184692,0.9124066785184692,0.9162013986926046,0.9162013986926046,0.9124066785184692,0.9124066785184692,0.8917262363938666,0.8917262363938666,0.9011527301801168,0.9011527301801168,0.946445180224745
194,0.7826134671376431,0.7722903129055788,0.7143533520217313,0.7722903129055788,0.7143533520217313,0.7722903129055788,0.7143533520217313,0.7722903129055788,0.7143533520217313,0.793822808257534,0.793822808257534,0.8189340300658331
195,0.7902324342021588,0.7902324342021588,0.7777438962810688,0.7975309384852135,0.7845696375758368,0.7902324342021588,0.7777438962810688,0.768441025955163,0.755952488034073,0.8572620788045391,0.8572620788045391,0.8730330534088071
196,0.9531367946731543,0.9531367946731543,0.9411251516700726,0.4245533994285067,0.412541756425425,0.9531367946731543,0.9411251516700726,0.4245533994285067,0.412541756425425,0.9531367946731544,0.9556928378882089,0.9531367946731544
197,0.9018764965127889,0.9073078798722937,0.8773953165560066,0.7619566587861656,0.7320440954698785,0.8681681476404915,0.8395459618735883,0.7290871331722948,0.7004649474053916,0.8547084951956414,0.8547084951956414,0.9205704828978956
198,0.8010720952649755,0.7923339860191301,0.7771970074491826,0.44842665510229407,0.4361675183768589,0.7708879982087835,0.7561607300180759,0.4283960587432756,0.41668452064219336,0.8929871073998741,0.8929871073998741,0.904503613509009
199,0.7383409182919993,0.7572074725295173,0.6997510912029822,0.5439444485916063,0.4829111814609949,0.6610898317482907,0.6109267907826008,0.44706614835755715,0.3969031073918673,0.6067049219922325,0.6067049219922325,0.9024082189756611
200,0.8753705978050778,0.8753705978050778,0.8034351217081164,0.836692662627496,0.7647571865305347,0.8753705978050778,0.8034351217081164,0.836692662627496,0.7647571865305347,0.8364954461187974,0.8364954461187974,0.9276928058118321
201,0.9377579965246979,0.9095949080597148,0.9095949080597148,0.9095949080597148,0.9095949080597148,0.9095949080597148,0.9095949080597148,0.9095949080597148,0.9095949080597148,0.8864253656970889,0.9553931620650622,0.8864253656970889
202,0.9249523657657144,0.9249523657657144,0.9249523657657144,0.8290428187284429,0.8290428187284429,0.9249523657657144,0.9249523657657144,0.8172098797177315,0.8172098797177315,0.9086185001713404,0.9086185001713404,0.9589438363269804
203,0.848273799356695,0.7629885411882272,0.6632038243809717,0.4905536425661313,0.3907689257588758,0.7155781350811851,0.6219938180069854,0.4600717333946912,0.3664874163204916,0.8040724868608131,0.8571665426431472,0.8040724868608131
204,0.7940550118551933,0.7751649642005345,0.7751649642005345,0.6202010455279003,0.6202010455279003,0.7751649642005345,0.7751649642005345,0.6202010455279003,0.6202010455279003,0.815437738595636,0.815437738595636,0.8381821583788261
205,0.868351787978078,0.868351787978078,0.8605676214713173,0.8302371385406115,0.8255409052263614,0.868351787978078,0.8605676214713173,0.8109990164328355,0.8064116034853843,0.8690152392334423,0.8690152392334423,0.8968095555523443
206,0.9224189476383401,0.9224189476383401,0.9011429427296744,0.9224189476383401,0.9011429427296744,0.9224189476383401,0.9011429427296744,0.9224189476383401,0.9011429427296744,0.9134520263804344,0.9134520263804344,0.9224189476383401
207,0.7910516375983795,0.7764175167654142,0.6061314678731995,0.7041637282614647,0.53387767936925,0.7338208476219341,0.5728772186620144,0.665531125688878,0.5045874967289582,0.7197215154673362,0.7197215154673362,0.8722706131662522
208,0.9283195018412345,0.8960744670694095,0.8960744670694095,0.8960744670694095,0.8960744670694095,0.8735329198096125,0.8735329198096125,0.8735329198096125,0.8735329198096125,0.8859451379379865,0.9201779761912732,0.8859451379379865
209,0.8509547642525565,0.8509547642525565,0.7906145601010969,0.7266796267889755,0.6663394226375156,0.8509547642525565,0.7906145601010969,0.7266796267889755,0.6663394226375156,0.875509306192066,0.875509306192066,0.9171847505215618
210,0.8788347368187636,0.8725300499730734,0.8623315774258768,0.5660608671402856,0.5660608671402856,0.8678266022921001,0.8576831054813302,0.5630094677381413,0.5630094677381413,0.883664459599071,0.883664459599071,0.9004148274627664
211,0.8327411006121418,0.8051430923947208,0.7929824001293405,0.6334449958325006,0.6212843035671202,0.7838714109389504,0.772032001156888,0.6167095356411648,0.6048701258591023,0.8010416158046053,0.8010416158046053,0.8769445957790407
212,0.7563070175438596,0.7364298245614034,0.6780570175438594,0.4047587719298244,0.35160964912280673,0.7364298245614034,0.6780570175438594,0.4047587719298244,0.35160964912280673,0.7776184210526313,0.7776184210526313,0.8643070175438592
213,0.8529304347826085,0.8529304347826085,0.5737347826086959,0.7406999999999998,0.49206086956521744,0.8529304347826085,0.5737347826086959,0.7406999999999998,0.49206086956521744,0.8332304347826087,0.8332304347826087,0.8893391304347825
214,0.8645705128205131,0.766367863646811,0.766367863646811,0.3303453031347796,0.3303453031347796,0.1389262820512819,0.1389262820512819,0.059884615384615356,0.059884615384615356,0.775955128205128,0.775955128205128,0.8442820512820509
215,0.6655690376569033,0.5408139415300904,0.4204055683847386,0.4921700432868053,0.37176167014145345,0.24203347280334714,0.18814644351464435,0.22026359832635964,0.16637656903765682,0.7389246861924681,0.7389246861924681,0.7786903765690374
216,0.6462926829268287,0.18591744710371166,0.14429413805064167,0.18591744710371166,0.14429413805064167,0.06536585365853671,0.0507317073170732,0.06536585365853671,0.0507317073170732,0.8012390243902432,0.8645609756097553,0.8012390243902432
217,0.7983596837944666,0.806732102848608,0.6794680301028324,0.5427516424495278,0.39402484055052045,0.7770711462450595,0.6544861660079053,0.44735177865612674,0.32476679841897255,0.8458181818181819,0.8694664031620554,0.8458181818181819
218,0.7658158844765341,0.5206996514771502,0.5206996514771502,0.44960533315961454,0.44960533315961454,0.1731335740072201,0.1731335740072201,0.14949458483754507,0.14949458483754507,0.6273682310469312,0.915667870036101,0.6273682310469312
219,0.6338268733850129,0.6011188630490956,0.6011188630490956,0.34973126614987093,0.34973126614987093,0.6011188630490956,0.6011188630490956,0.34973126614987093,0.34973126614987093,0.6117390180878551,0.6117390180878551,0.6537700258397934
220,0.7497980295566494,0.7354115819835803,0.6236911893668045,0.7354115819835803,0.6236911893668045,0.6857586206896543,0.5815812807881767,0.6857586206896543,0.5815812807881767,0.7372118226600981,0.7372118226600981,0.8583152709359603
221,0.7838075117370891,0.7970905358478981,0.7970905358478981,0.7766868752757898,0.7766868752757898,0.7802206572769951,0.7802206572769951,0.7602488262910795,0.7602488262910795,0.7998967136150231,0.7998967136150231,0.8023708920187791
222,0.9304170212765953,0.9325486120654111,0.929349319774632,0.8015622852823964,0.7983629929916172,0.9240723404255315,0.9209021276595741,0.7942765957446807,0.7911063829787233,0.9223531914893615,0.9223531914893615,0.9380723404255317
223,0.7240852017937225,0.7381556625558441,0.6834117544846384,0.45564746605941747,0.4009035579882119,0.7238923766816149,0.6702062780269061,0.4468430493273546,0.39315695067264594,0.7499820627802698,0.7499820627802698,0.9026771300448438
224,0.7370000000000004,0.7508972947418843,0.42492271135412213,0.5564909837017015,0.20857999276238107,0.7059356725146203,0.3994795321637429,0.47661988304093617,0.17864327485380144,0.8284912280701756,0.837649122807018,0.8284912280701756
225,0.9230396825396827,0.9230396825396827,0.9230396825396827,0.9230396825396827,0.9230396825396827,0.9230396825396827,0.9230396825396827,0.9230396825396827,0.9230396825396827,0.9230396825396828,0.9230396825396828,0.9230396825396828
226,0.8147515964496563,0.8035345104825492,0.8035345104825492,0.8035345104825492,0.8035345104825492,0.7024378489095945,0.7024378489095945,0.7024378489095945,0.7024378489095945,0.8409976304269247,0.8409976304269247,0.9001700202150018
227,0.6942170212765961,0.8629480074329592,0.8629480074329592,0.8459459312178829,0.8459459312178829,0.6738595744680854,0.6738595744680854,0.6605829787234045,0.6605829787234045,0.26871063829787234,0.26871063829787234,0.8809446808510639
228,0.036449999999999975,0.024854114761221173,0.024854114761221173,0.024854114761221173,0.024854114761221173,0.020540909090909068,0.020540909090909068,0.020540909090909068,0.020540909090909068,0.6165545454545458,0.8365909090909095,0.6165545454545458
229,0.7444899328859057,0.7384161073825499,0.736114093959731,0.5738825503355701,0.5738825503355701,0.7384161073825499,0.736114093959731,0.5738825503355701,0.5738825503355701,0.8297315436241604,0.8545738255033553,0.8297315436241604
230,0.16199112426035533,0.16199112426035533,0.11848224852071018,0.11215088757396478,0.07476923076923088,0.16199112426035533,0.11848224852071018,0.11215088757396478,0.07476923076923088,0.7058609467455621,0.7058609467455621,0.7533402366863908
231,0.6460896551724142,0.6106344827586211,0.525837931034483,0.20148168663020155,0.11186989144258541,0.6106344827586211,0.525837931034483,0.1906551724137932,0.10585862068965506,0.7220655172413795,0.7220655172413795,0.8037827586206898
232,0.7370170212765961,0.7359659574468087,0.721272340425532,0.6786638297872343,0.6639702127659575,0.7359659574468087,0.721272340425532,0.6786638297872343,0.6639702127659575,0.7467872340425534,0.7467872340425534,0.7936425531914898
233,0.7186119402985075,0.7079288110441119,0.6901106710280179,0.5260266863934726,0.5186677781396812,0.674039800995025,0.6570746268656716,0.4740547263681592,0.46742288557213924,0.5597661691542288,0.5597661691542288,0.7991492537313429
234,0.5235732217573216,0.3187648292699688,0.3187648292699688,0.29297479453938885,0.29297479453938885,0.11635983263598275,0.11635983263598275,0.10694560669456021,0.10694560669456021,0.6109163179916319,0.8580648535564854,0.6109163179916319
235,0.37212849162011186,0.10168746326147293,0.09615816563042102,0.10168746326147293,0.09615816563042102,0.05943575418994397,0.056203910614525024,0.05943575418994397,0.056203910614525024,0.48022067039106164,0.8645949720670396,0.48022067039106164
236,0.755563049315104,0.7493949263453556,0.748784516944197,0.6741822434893225,0.6735718340881642,0.7493949263453556,0.748784516944197,0.6741822434893225,0.6735718340881642,0.8579496220157172,0.8579496220157172,0.870418194468752
237,0.8157142857142855,0.8647505288042796,0.4359213636929213,0.8647505288042796,0.4359213636929213,0.13694581280788143,0.06903448275862072,0.13694581280788143,0.06903448275862072,0.752487684729064,0.752487684729064,0.8616748768472903
238,0.6749441860465112,0.681599930159469,0.6500407403096261,0.5964672331509716,0.5649080433011288,0.4357674418604649,0.4155906976744184,0.3813395348837207,0.3611627906976742,0.7023627906976744,0.723441860465116,0.7023627906976744
239,0.5796895881277351,0.5750242433891536,0.5750242433891536,0.5750242433891536,0.5750242433891536,0.5750242433891536,0.5750242433891536,0.5750242433891536,0.5750242433891536,0.753378394677551,0.753378394677551,0.7854858085713045
240,0.7822938388625593,0.7746492890995261,0.7746492890995261,0.5511800947867299,0.5511800947867299,0.7746492890995261,0.7746492890995261,0.5511800947867299,0.5511800947867299,0.819104265402844,0.8631327014218013,0.819104265402844
241,0.6775547619047613,0.6687452380952374,0.6524571428571424,0.6582833333333327,0.6419952380952375,0.6687452380952374,0.6524571428571424,0.6582833333333327,0.6419952380952375,0.6572166666666663,0.6572166666666663,0.9132047619047612
242,0.6074347826086953,0.5068501281532443,0.5068501281532443,0.5068501281532443,0.5068501281532443,0.4084000000000003,0.4084000000000003,0.4084000000000003,0.4084000000000003,0.4355434782608698,0.4355434782608698,0.8149826086956524
243,0.9349826589595375,0.9157314116129986,0.901944754653652,0.9157314116129986,0.901944754653652,0.8579132947976877,0.8449971098265894,0.8579132947976877,0.8449971098265894,0.9085202312138727,0.9619277456647396,0.9085202312138727
244,0.7409694169357491,0.8066970574207788,0.8066970574207788,0.8066970574207788,0.8066970574207788,0.3275418710116143,0.3275418710116143,0.3275418710116143,0.3275418710116143,0.7285488468865258,0.7947903859924073,0.7285488468865258
245,0.7857173396674588,0.7568123515439431,0.7085795724465561,0.6820831353919237,0.644277909738717,0.7568123515439431,0.7085795724465561,0.6820831353919237,0.644277909738717,0.8789216152019003,0.8789216152019003,0.8826508313539194
246,0.628710900473934,0.5917255161294998,0.5062003118257258,0.42405402404823184,0.3989631553287932,0.5809763033175359,0.4970047393364935,0.4163507109004741,0.39171563981042695,0.7191042654028438,0.7191042654028438,0.7306113744075828
247,0.88584508421465,0.88584508421465,0.8765912651782224,0.88584508421465,0.8765912651782224,0.88584508421465,0.8765912651782224,0.88584508421465,0.8765912651782224,0.9029573051312185,0.9029573051312185,0.9144242068155116
248,0.8520648148148147,0.8405733641355496,0.8347803328853923,0.8405733641355496,0.8347803328853923,0.773199074074074,0.7678703703703702,0.773199074074074,0.7678703703703702,0.8520648148148147,0.8566944444444443,0.8520648148148147
249,0.930465020576131,0.9308454445463669,0.8889623121367174,0.9047260902265438,0.8628429578168945,0.8811275720164602,0.8414814814814808,0.8564032921810693,0.81675720164609,0.9231893004115219,0.9231893004115219,0.9413868312757194
250,0.8275750636132315,0.8284270992844526,0.7947306662849051,0.8097113164268891,0.7758547617763325,0.8245674300254453,0.791027989821883,0.8021272264631043,0.7685877862595418,0.8892111959287531,0.8892111959287531,0.9446793893129771
251,0.6012751937984495,0.5737596899224805,0.5737596899224805,0.47636821705426347,0.47636821705426347,0.5737596899224805,0.5737596899224805,0.47636821705426347,0.47636821705426347,0.660073643410853,0.660073643410853,0.6706899224806202
252,0.8295299999999998,0.8401279665786178,0.7662784743382394,0.741389887395495,0.6835210075086573,0.8285299999999998,0.7556999999999999,0.7311550000000001,0.6740850000000002,0.8726549999999998,0.8726549999999998,0.883335
253,0.8707204968944094,0.8922087945433194,0.8029539427681831,0.848669701093332,0.7618801826018756,0.8400838509316767,0.7560434782608692,0.7863478260869562,0.7059316770186334,0.8997391304347823,0.8997391304347823,0.9274161490683227
254,0.7345303514376995,0.7300080710250201,0.6500435835351088,0.44456079584357,0.3907493925114449,0.7224281150159744,0.6432939297124599,0.42318210862619804,0.3719584664536741,0.8049776357827478,0.8049776357827478,0.8435591054313101
255,0.8845892116182573,0.9280261613112905,0.8870911665264207,0.9280261613112905,0.8870911665264207,0.764219917012448,0.7305103734439832,0.764219917012448,0.7305103734439832,0.8851825726141079,0.8851825726141079,0.9325269709543569
256,0.633588235294118,0.5807738366666811,0.5669404088660085,0.36268639542465575,0.3588508793985912,0.5725966386554625,0.5589579831932775,0.35757983193277326,0.35379831932773126,0.690109243697479,0.690109243697479,0.8060462184873947
257,0.6574633027522936,0.6825119140978463,0.6825119140978463,0.6568538738412659,0.6568538738412659,0.622788990825688,0.622788990825688,0.5993761467889908,0.5993761467889908,0.8130000000000004,0.8130000000000004,0.8455642201834866
258,0.7600139534883715,0.7737866242203338,0.7706757366322566,0.390607044716463,0.38727620950953473,0.6941441860465115,0.6913534883720929,0.32726511627907,0.3244744186046513,0.8719116279069763,0.8719116279069763,0.8968651162790694
259,0.8725539033457255,0.8633112886645703,0.8633112886645703,0.7338660874451587,0.7338660874451587,0.7274312267657997,0.7274312267657997,0.5049107806691456,0.5049107806691456,0.683561338289963,0.683561338289963,0.9187434944237921
260,0.8986007194244604,0.8986007194244604,0.6920971223021584,0.4999856115107912,0.3088453237410071,0.8986007194244604,0.6920971223021584,0.4999856115107912,0.3088453237410071,0.7880539568345324,0.7880539568345324,0.9297086330935251
261,0.7351568627450982,0.7351568627450982,0.6504248366013072,0.6190250973133357,0.5308034134523779,0.7351568627450982,0.6504248366013072,0.5945392156862748,0.5098071895424837,0.7478202614379087,0.8380588235294121,0.7478202614379087
262,0.9176374999999999,0.9176374999999999,0.9176374999999999,0.8556374999999997,0.8556374999999997,0.9176374999999999,0.9176374999999999,0.8556374999999997,0.8556374999999997,0.8768874999999999,0.8768874999999999,0.9215874999999999
263,0.004694835680751147,0.004694835680751147,0.004694835680751147,0.004694835680751147,0.004694835680751147,0.004694835680751147,0.004694835680751147,0.004694835680751147,0.004694835680751147,0.7573943661971829,0.7919999999999999,0.7573943661971829
264,0.8247006005212942,0.8247006005212942,0.8247006005212942,0.6886360243882838,0.6886360243882838,0.8247006005212942,0.8247006005212942,0.6886360243882838,0.6886360243882838,0.8321009059489504,0.8552318838915619,0.8321009059489504
265,0.6681610169491532,0.6530974576271192,0.6530974576271192,0.6530974576271192,0.6530974576271192,0.6530974576271192,0.6530974576271192,0.6530974576271192,0.6530974576271192,0.7618432203389831,0.7618432203389831,0.7789067796610173
266,0.42259886707526534,0.26075228188228144,0.23537393955722583,0.2643231741831645,0.23798531026440137,0.20938528147665394,0.18900635588189488,0.204520090021872,0.18414116442711295,0.6696867439363198,0.6696867439363198,0.6805094203720656
267,0.2944311926605505,0.26220642201834865,0.26220642201834865,0.17638532110091742,0.17638532110091742,0.26220642201834865,0.26220642201834865,0.17638532110091742,0.17638532110091742,0.7768761467889913,0.7768761467889913,0.8859908256880739
268,0.6169701306245002,0.6142861218318373,0.5836162382677648,0.4766211165948701,0.45672675255021933,0.6059015180902562,0.5756502583748202,0.47011555012431283,0.45049273113542154,0.6996360040439524,0.6996360040439524,0.7600601367145498
269,0.6382217898832687,0.6258835218049469,0.5652622891184537,0.3326125483002065,0.26828974728252986,0.6226031128404672,0.5622996108949417,0.31182879377431916,0.2515252918287938,0.7107198443579765,0.7107198443579765,0.7703579766536961
270,0.7064439834024898,0.674121023678546,0.674121023678546,0.43128916527146616,0.43128916527146616,0.5847510373443985,0.5847510373443985,0.37411203319502073,0.37411203319502073,0.6243112033195024,0.6243112033195024,0.7528381742738591
271,0.2989389244369325,0.28476330368760655,0.27700645230525717,0.2528353759410037,0.24494578249554014,0.28476330368760655,0.27700645230525717,0.24858143184836412,0.2408245804660147,0.41294753645351223,0.41294753645351223,0.8919138261767744
272,0.342397196261683,0.3118855140186923,0.3118855140186923,0.07819392523364509,0.07819392523364509,0.3118855140186923,0.3118855140186923,0.07819392523364509,0.07819392523364509,0.6774626168224294,0.6774626168224294,0.7677873831775696
273,0.9083211382113819,0.9023861788617883,0.9023861788617883,0.8043048780487803,0.8043048780487803,0.9023861788617883,0.9023861788617883,0.8043048780487803,0.8043048780487803,0.9187601626016256,0.9187601626016256,0.9249593495934958
274,0.8216596638655469,0.8662703557603012,0.7753671163094356,0.5253148136136621,0.4499772982088753,0.7916764705882356,0.7086008403361349,0.47640756302521037,0.40808403361344564,0.9015336134453785,0.9015336134453785,0.920634453781513
275,0.40937999999999963,0.40937999999999963,0.3474799999999996,0.40937999999999963,0.3474799999999996,0.40937999999999963,0.3474799999999996,0.40937999999999963,0.3474799999999996,0.6971720000000002,0.7109279999999998,0.6971720000000002
276,0.8443061224489796,0.8390670865571992,0.6697843264621484,0.7385716549082473,0.5466966141343351,0.8330326530612245,0.6649673469387757,0.646922448979592,0.478857142857143,0.8313673469387761,0.8313673469387761,0.9267061224489799
277,0.5468315789473673,0.5468315789473673,0.487399999999999,0.5242982456140339,0.46521052631578863,0.5468315789473673,0.487399999999999,0.5242982456140339,0.46521052631578863,0.6183543859649129,0.6183543859649129,0.7340947368421056
278,0.7866991150442475,0.7866991150442475,0.7866991150442475,0.5503805309734511,0.5503805309734511,0.7866991150442475,0.7866991150442475,0.5503805309734511,0.5503805309734511,0.8038230088495575,0.9089646017699113,0.8038230088495575
279,0.8275822784810131,0.8275822784810131,0.8275822784810131,0.8275822784810131,0.8275822784810131,0.8275822784810131,0.8275822784810131,0.8275822784810131,0.8275822784810131,0.820613924050633,0.820613924050633,0.8394683544303799
280,0.9622807017543858,0.9622807017543858,0.9596491228070173,0.9539999999999997,0.9539999999999997,0.9622807017543858,0.9596491228070173,0.9539999999999997,0.9539999999999997,0.95959649122807,0.95959649122807,0.9622807017543857
281,0.6095137614678902,0.6095137614678902,0.6095137614678902,0.5958807339449543,0.5958807339449543,0.6095137614678902,0.6095137614678902,0.5958807339449543,0.5958807339449543,0.6450871559633029,0.6450871559633029,0.6825412844036691
282,0.9474696356275307,0.9540397637169334,0.9540397637169334,0.7685966922001315,0.7685966922001315,0.9474696356275307,0.9474696356275307,0.7633036437246967,0.7633036437246967,0.9546761133603242,0.9546761133603242,0.9600931174089071
283,0.9374123711340205,0.9388098999473405,0.9209057398630857,0.8966403370194838,0.8787361769352288,0.9189690721649483,0.901443298969072,0.8776907216494844,0.860164948453608,0.9189690721649484,0.9189690721649484,0.9374123711340205
284,0.8201963190184053,0.8201963190184053,0.8201963190184053,0.5632999784032828,0.5632999784032828,0.8201963190184053,0.8201963190184053,0.48004907975460126,0.48004907975460126,0.8809815950920248,0.8873987730061351,0.8809815950920248
285,0.9212689655172414,0.9212689655172414,0.9212689655172414,0.9279019719178706,0.9279019719178706,0.9212689655172414,0.9212689655172414,0.9128827586206896,0.9128827586206896,0.8677310344827586,0.8677310344827586,0.9320275862068965
286,0.8686762295081965,0.8686762295081965,0.8524631147540981,0.8686762295081965,0.8524631147540981,0.8686762295081965,0.8524631147540981,0.8686762295081965,0.8524631147540981,0.8883278688524587,0.8883278688524587,0.9178319672131146
287,0.9209999999999997,0.91842581198029,0.9137524724357662,0.91842581198029,0.9137524724357662,0.8049781659388643,0.8008820960698686,0.8049781659388643,0.8008820960698686,0.9066986899563315,0.9234148471615717,0.9066986899563315
288,0.8562781065088768,0.8037869822485219,0.8037869822485219,0.7795236686390544,0.7795236686390544,0.8037869822485219,0.8037869822485219,0.7795236686390544,0.7795236686390544,0.8873579881656812,0.9296065088757404,0.8873579881656812
289,0.43591406250000003,0.43591406250000003,0.36576822916666646,0.43591406250000003,0.36576822916666646,0.43591406250000003,0.36576822916666646,0.43591406250000003,0.36576822916666646,0.5854843749999996,0.6203437500000002,0.5854843749999996
290,0.844438405797102,0.8464991673303894,0.6007530229527187,0.8228881091493295,0.5651770799197523,0.8048152173913049,0.5711702898550723,0.7460434782608701,0.5123985507246376,0.8995797101449283,0.9013731884057978,0.8995797101449283
291,0.5641612903225802,0.6192817925998529,0.6192817925998529,0.5886194800403098,0.5886194800403098,0.5182304147465432,0.5182304147465432,0.492571428571428,0.492571428571428,0.652410138248848,0.652410138248848,0.702953917050691
292,0.7514848484848482,0.7411758748164278,0.7411758748164278,0.7411758748164278,0.7411758748164278,0.3801558441558441,0.3801558441558441,0.3801558441558441,0.3801558441558441,0.8204588744588743,0.8204588744588743,0.8439220779220777
293,0.7759957370334769,0.7541075013010184,0.47982182241716853,0.7541075013010184,0.47982182241716853,0.6359029548209136,0.40461089982028686,0.6359029548209136,0.40461089982028686,0.48511618673465096,0.48511618673465096,0.9265630877251638
294,0.22221428571428592,0.22100714285714299,0.22100714285714299,0.1508857142857144,0.1508857142857144,0.22100714285714299,0.22100714285714299,0.1508857142857144,0.1508857142857144,0.7180357142857139,0.7180357142857139,0.7219999999999996
295,0.38150653594771244,0.38150653594771244,0.38150653594771244,0.35479975053374574,0.35479975053374574,0.38150653594771244,0.38150653594771244,0.35137581699346426,0.35137581699346426,0.6403790849673205,0.6403790849673205,0.7211209150326798
296,0.3273490566037738,0.32840270999043225,0.3201007064917998,0.05448691204837611,0.05448691204837611,0.32056132075471727,0.3124575471698116,0.05236320754716982,0.05236320754716982,0.7773726415094342,0.8352122641509436,0.7773726415094342
297,0.7354765100671129,0.7114999999999992,0.7114999999999992,0.6190436241610732,0.6190436241610732,0.7114999999999992,0.7114999999999992,0.6190436241610732,0.6190436241610732,0.7831476510067108,0.8928053691275157,0.7831476510067108
298,0.8852785388127858,0.86792694063927,0.86792694063927,0.46896803652968083,0.46896803652968083,0.86792694063927,0.86792694063927,0.46896803652968083,0.46896803652968083,0.8679269406392699,0.887666666666667,0.8679269406392699
299,0.9467711864406781,0.8683516949152544,0.8683516949152544,0.8683516949152544,0.8683516949152544,0.8683516949152544,0.8683516949152544,0.8683516949152544,0.8683516949152544,0.9346101694915255,0.9651737288135596,0.9346101694915255
300,0.8897892976588629,0.8897892976588629,0.8861605351170572,0.5420802675585285,0.5420802675585285,0.8897892976588629,0.8861605351170572,0.5420802675585285,0.5420802675585285,0.8544414715719066,0.8544414715719066,0.9389297658862882
301,0.7403035784229589,0.7388113351776353,0.6641444015725103,0.5667179309842749,0.49205099737914976,0.7145975539448031,0.6423777522521928,0.5481443339802748,0.4759245322876646,0.7699044550947751,0.7699044550947751,0.8879030731924145
302,0.7982705882352938,0.7383699071967074,0.7383699071967074,0.45570572056117303,0.45570572056117303,0.21949999999999997,0.21949999999999997,0.13547058823529412,0.13547058823529412,0.7292235294117649,0.8426176470588234,0.7292235294117649
303,0.9082048192771084,0.9071566966842549,0.9071566966842549,0.2825268391357863,0.2825268391357863,0.8969156626506024,0.8969156626506024,0.2793373493975907,0.2793373493975907,0.7084819277108436,0.7084819277108436,0.9262710843373497
304,0.26041395348837204,0.2440778511633509,0.23098387971011583,0.20559894003573365,0.19250496858249858,0.22619999999999998,0.21406511627906977,0.19053953488372094,0.17840465116279072,0.6403720930232559,0.6403720930232559,0.721990697674419
305,0.6724918699186991,0.6704260036488886,0.6704260036488886,0.6302677760596911,0.6302677760596911,0.6662235772357723,0.6662235772357723,0.6263170731707315,0.6263170731707315,0.7009674796747969,0.7009674796747969,0.7385203252032523
306,0.7411136363636365,0.7404280303030305,0.714693181818182,0.4385120859097871,0.41641822869216316,0.7404280303030305,0.714693181818182,0.42845454545454553,0.40686742424242434,0.5631212121212124,0.5631212121212124,0.8794015151515152
307,0.9119417989417993,0.9119417989417993,0.9119417989417993,0.8962010582010583,0.8962010582010583,0.9119417989417993,0.9119417989417993,0.8962010582010583,0.8962010582010583,0.9134550264550267,0.9134550264550267,0.9427142857142861
308,0.6544656084656088,0.6296060860828022,0.5699785276343197,0.5652468775314136,0.5034442916439039,0.5685925925925929,0.5147433862433864,0.4762698412698418,0.4241957671957677,0.6580767195767198,0.7678571428571433,0.6580767195767198
309,0.7668728070175437,0.8228274158411357,0.7922177892041192,0.5037859539849368,0.47317632734792026,0.7173070175438595,0.6906228070175435,0.43917982456140353,0.4124956140350876,0.798662280701754,0.798662280701754,0.8938289473684212
310,0.28655813953488396,0.2937748638523043,0.2937748638523043,0.20854254374106845,0.20854254374106845,0.28301860465116313,0.28301860465116313,0.20090697674418614,0.20090697674418614,0.8243395348837215,0.8243395348837215,0.838218604651163
311,0.28429071537290773,0.283549512146417,0.2643217496164824,0.2509309773400119,0.23165819477287286,0.27879908675799137,0.259893455098935,0.2461506849315072,0.22724505327245084,0.6816849315068494,0.6816849315068494,0.734662100456621
312,0.8141604477611941,0.8136669954285842,0.7873185402970856,0.5732834640880619,0.5465775710028583,0.809589552238806,0.7833731343283582,0.5627761194029852,0.5365597014925373,0.8486679104477612,0.8486679104477612,0.93194776119403
313,0.8931688311688311,0.8759617067934503,0.8759617067934503,0.6443504620799583,0.6443504620799583,0.4115541125541124,0.4115541125541124,0.3027359307359306,0.3027359307359306,0.8874632034632034,0.8874632034632034,0.8882813852813851
314,0.811785046728972,0.83246903428914,0.7498140910773545,0.4352299865359351,0.3910606472578841,0.7916417445482867,0.7130404984423677,0.41388473520249214,0.37188161993769453,0.8999906542056075,0.9047570093457945,0.8999906542056075
315,0.6938652482269512,0.6975679930320313,0.6823469777503319,0.42801966166795824,0.4127986463862588,0.692964539007093,0.6778439716312066,0.42519503546099346,0.41007446808510695,0.8081063829787241,0.8081063829787241,0.8667340425531924
316,0.8119768339768336,0.7987927395525535,0.6691642043056136,0.6462734235395374,0.5121044376384439,0.7306332046332042,0.6120656370656365,0.5711235521235519,0.45255598455598434,0.8544285714285713,0.8544285714285713,0.8947027027027026
317,0.8166240601503759,0.8448591575143861,0.6493639963621978,0.6117436377675916,0.43429526672909763,0.7788045112781956,0.598593984962406,0.5599248120300752,0.39750751879699237,0.829488721804511,0.829488721804511,0.8645676691729323
318,0.8918888888888892,0.9082040708326887,0.8868564125350098,0.6775285442554534,0.6775285442554534,0.8422037037037039,0.8224074074074077,0.628291666666667,0.628291666666667,0.870490740740741,0.870490740740741,0.922240740740741
319,0.7877401574803145,0.7259107611548551,0.7259107611548551,0.7120157480314955,0.7120157480314955,0.7259107611548551,0.7259107611548551,0.7120157480314955,0.7120157480314955,0.7489999999999994,0.8815853018372697,0.7489999999999994
320,0.7791662337662342,0.7791662337662342,0.7357350649350654,0.46865714285714316,0.43262597402597425,0.7791662337662342,0.7357350649350654,0.46865714285714316,0.43262597402597425,0.915872727272728,0.915872727272728,0.9231168831168836
321,0.8931782945736427,0.8918423584988183,0.8918423584988183,0.8769486484122117,0.8769486484122117,0.7902829457364335,0.7902829457364335,0.7770852713178288,0.7770852713178288,0.8740852713178291,0.9110813953488367,0.8740852713178291
322,0.35842201834862386,0.35842201834862386,0.35842201834862386,0.35842201834862386,0.35842201834862386,0.35842201834862386,0.35842201834862386,0.35842201834862386,0.35842201834862386,0.5983394495412846,0.5983394495412846,0.6740045871559633
323,0.9381898734177219,0.9246088997045023,0.9246088997045023,0.7798318512245045,0.7798318512245045,0.8977679324894519,0.8977679324894519,0.7459535864978908,0.7459535864978908,0.9175105485232071,0.967371308016878,0.9175105485232071
324,0.9389590163934426,0.9349975355889942,0.9349975355889942,0.8748120627741398,0.8748120627741398,0.9251762295081967,0.9251762295081967,0.8656229508196721,0.8656229508196721,0.9028196721311476,0.9028196721311476,0.9585286885245901
325,0.8882682926829268,0.8882682926829268,0.8638658536585366,0.7764878048780489,0.7520853658536587,0.8882682926829268,0.8638658536585366,0.7764878048780489,0.7520853658536587,0.8903333333333333,0.8903333333333333,0.8967479674796748
326,0.8334618644067794,0.8313432203389828,0.8282245762711861,0.8313432203389828,0.8282245762711861,0.8313432203389828,0.8282245762711861,0.8313432203389828,0.8282245762711861,0.8345762711864404,0.8572923728813556,0.8345762711864404
327,0.7945618374558302,0.7818341646904897,0.7613050944476242,0.7608795649816823,0.7498357181580718,0.6756925795053004,0.6579505300353355,0.6546360424028268,0.6451342756183744,0.7021307420494697,0.7021307420494697,0.8641872791519434
328,0.9116075085324236,0.9116075085324236,0.906133105802048,0.5592730375426622,0.5537986348122867,0.9116075085324236,0.906133105802048,0.5592730375426622,0.5537986348122867,0.8574368600682596,0.8574368600682596,0.9320921501706487
329,0.7561056910569107,0.7561056910569107,0.7376856368563683,0.7477994579945799,0.7293794037940379,0.7561056910569107,0.7376856368563683,0.7477994579945799,0.7293794037940379,0.734577235772358,0.9088319783197835,0.734577235772358
330,0.7154142259414228,0.6928024555111048,0.678403917781763,0.4623784315077941,0.4563948475651814,0.6724184100418409,0.6584435146443516,0.4487740585774058,0.4429665271966527,0.7904100418410043,0.8676903765690379,0.7904100418410043
331,0.6882175438596498,0.6882175438596498,0.6879438596491235,0.15011578947368434,0.14984210526315803,0.6882175438596498,0.6879438596491235,0.15011578947368434,0.14984210526315803,0.8414210526315794,0.8414210526315794,0.8922666666666671
332,0.6165933014354062,0.531996042296573,0.531996042296573,0.531996042296573,0.531996042296573,0.46050239234449714,0.46050239234449714,0.46050239234449714,0.46050239234449714,0.8772488038277507,0.9407081339712916,0.8772488038277507
333,0.8994524714828892,0.9002185507088286,0.8858082285705378,0.7298577551457287,0.7130097335015549,0.8786235741444862,0.8645589353612163,0.6092813688212922,0.5952167300380223,0.9160418250950565,0.9160418250950565,0.91922433460076
334,0.8412950000000001,0.7220375073605073,0.7220375073605073,0.6124536808484063,0.6124536808484063,0.6069700000000001,0.6069700000000001,0.5148500000000001,0.5148500000000001,0.7530600000000002,0.9207700000000001,0.7530600000000002
335,0.9213345070422535,0.9231746469064374,0.8564704801919389,0.7286449654611309,0.6604590579455043,0.8494929577464789,0.7881126760563381,0.655919014084507,0.5945387323943662,0.8970563380281691,0.8970563380281691,0.9437429577464792
336,0.8699074733096088,0.8696746679840751,0.7225923396588304,0.6923549155793205,0.5452725872540756,0.851996441281139,0.7079039145907478,0.6782811387900355,0.5341886120996441,0.8878007117437727,0.8878007117437727,0.9170640569395023
337,0.7702635658914733,0.7573955082936448,0.7573955082936448,0.3566523649203486,0.3566523649203486,0.5720038759689927,0.5720038759689927,0.2693527131782949,0.2693527131782949,0.7893372093023259,0.8021162790697678,0.7893372093023259
338,0.8915642023346306,0.8265925176946394,0.8265925176946394,0.8265925176946394,0.8265925176946394,0.02544747081712052,0.02544747081712052,0.02544747081712052,0.02544747081712052,0.9001906614785995,0.9001906614785995,0.9015175097276265
339,0.5889533678756472,0.5889533678756472,0.5889533678756472,0.4721450777202067,0.4721450777202067,0.5889533678756472,0.5889533678756472,0.4721450777202067,0.4721450777202067,0.647917098445596,0.647917098445596,0.734782383419689
340,0.6092412060301512,0.9142822354803367,0.9142822354803367,0.9142822354803367,0.9142822354803367,0.037733668341708576,0.037733668341708576,0.037733668341708576,0.037733668341708576,0.6982914572864325,0.6993668341708545,0.6982914572864325
341,0.8422424242424245,0.7366896927343233,0.7039609694728807,0.4559962097575628,0.4231281826095659,0.41573376623376623,0.39726406926406915,0.25624025974025944,0.23777056277056235,0.7138484848484847,0.8562445887445884,0.7138484848484847
342,0.9261804281345564,0.9258660376917242,0.7542821634154406,0.71978097239437,0.5481970981180865,0.8475015290519877,0.690440366972477,0.6588593272171255,0.5017981651376148,0.910755351681957,0.910755351681957,0.9428715596330272
343,0.6670746268656714,0.6782814887561498,0.5402895198467433,0.6768919523766894,0.5494619998209647,0.6267462686567162,0.4992388059701489,0.5642955223880595,0.4580626865671639,0.7100507462686567,0.7535552238805969,0.7100507462686567
344,0.7178389513108613,0.7278523791009957,0.7278523791009957,0.5206268504949609,0.5206268504949609,0.4557528089887641,0.4557528089887641,0.3259962546816482,0.3259962546816482,0.7564269662921346,0.7564269662921346,0.8586516853932582
345,0.780112149532711,0.780112149532711,0.4534704049844239,0.5742355025172485,0.2903738579153462,0.780112149532711,0.4534704049844239,0.38375389408099747,0.19405295950155788,0.8747788161993777,0.8978473520249229,0.8747788161993777
346,0.8161427773655341,0.8050279803289806,0.7398831455131266,0.7607180846963784,0.7132440223842628,0.7989496714376418,0.7342967082565155,0.7549743346516624,0.7078587220110002,0.8313851638221861,0.8313851638221861,0.8711071671728337
347,0.9306624999999998,0.9244124999999999,0.9244124999999999,0.82005625,0.82005625,0.9244124999999999,0.9244124999999999,0.82005625,0.82005625,0.960665625,0.9687562499999999,0.960665625
348,0.9094053030303033,0.9161178745772245,0.8576065565390747,0.8542286098876293,0.8021068504587706,0.8146439393939398,0.7626136363636368,0.7596098484848488,0.7132613636363639,0.9135568181818184,0.927757575757576,0.9135568181818184
349,0.7300123456790117,0.6036831275720164,0.6036831275720164,0.589111111111111,0.589111111111111,0.6036831275720164,0.6036831275720164,0.589111111111111,0.589111111111111,0.6138477366255144,0.8182962962962963,0.6138477366255144
350,0.63427972027972,0.63427972027972,0.613258741258741,0.3298006993006995,0.3189265734265736,0.63427972027972,0.613258741258741,0.3298006993006995,0.3189265734265736,0.6896468531468529,0.7263916083916083,0.6896468531468529
351,0.8884979253112032,0.8884979253112032,0.8772572614107882,0.26072199170124477,0.24948132780082982,0.8884979253112032,0.8772572614107882,0.26072199170124477,0.24948132780082982,0.8848672199170124,0.8848672199170124,0.9296141078838173
352,0.7897264150943395,0.7440377358490565,0.7440377358490565,0.7440377358490565,0.7440377358490565,0.7440377358490565,0.7440377358490565,0.7440377358490565,0.7440377358490565,0.8244245283018867,0.9193867924528302,0.8244245283018867
353,0.5902943396226416,0.5880621025633243,0.5543890667921265,0.5880621025633243,0.5543890667921265,0.5848754716981133,0.5513849056603776,0.5848754716981133,0.5513849056603776,0.6925509433962262,0.6925509433962262,0.9148641509433963
354,0.8603316326530609,0.8565612244897958,0.8565612244897958,0.5075306122448977,0.5075306122448977,0.8565612244897958,0.8565612244897958,0.5075306122448977,0.5075306122448977,0.8727244897959182,0.8727244897959182,0.9326326530612244
355,0.9310876288659793,0.9313046229719262,0.9313046229719262,0.7709408517092013,0.7709408517092013,0.8799484536082474,0.8799484536082474,0.7284278350515464,0.7284278350515464,0.8892938144329897,0.8892938144329897,0.9551907216494846
356,0.9667974683544303,0.9612202531645568,0.9612202531645568,0.32325822784810126,0.32325822784810126,0.9612202531645568,0.9612202531645568,0.32325822784810126,0.32325822784810126,0.9086582278481014,0.9436000000000001,0.9086582278481014
357,0.7545020920502093,0.7641405716885286,0.7405366214269469,0.555638221244977,0.541985745697172,0.6746945606694562,0.6538535564853557,0.49059832635983264,0.4785439330543933,0.7685397489539751,0.7720920502092052,0.7685397489539751
358,0.80005414012739,0.8036767826999719,0.6749531929175707,0.31194740496270335,0.20467445633039094,0.7778439490445872,0.6532579617834401,0.301920382165606,0.19809554140127428,0.8777898089171986,0.8806974522293002,0.8777898089171986
359,0.8363361702127652,0.8125063829787228,0.8125063829787228,0.8125063829787228,0.8125063829787228,0.8125063829787228,0.8125063829787228,0.8125063829787228,0.8125063829787228,0.8808851063829782,0.8808851063829782,0.8926382978723398
360,0.6485050847457622,0.6577443535485491,0.518579322775127,0.5086983749588693,0.36841695590488205,0.6383152542372877,0.5032610169491524,0.48738305084745714,0.352979661016949,0.7126610169491525,0.7126610169491525,0.7825389830508473
361,0.7659259259259257,0.7616931216931215,0.7281640211640211,0.7616931216931215,0.7281640211640211,0.7616931216931215,0.7281640211640211,0.7616931216931215,0.7281640211640211,0.9382433862433861,0.9446455026455026,0.9382433862433861
362,0.4413199999999998,0.4413199999999998,0.4413199999999998,0.4413199999999998,0.4413199999999998,0.4413199999999998,0.4413199999999998,0.4413199999999998,0.4413199999999998,0.7361257142857144,0.7361257142857144,0.9000171428571425
363,0.8260990415335473,0.8025015974440901,0.8025015974440901,0.7346897980049553,0.7346897980049553,0.8025015974440901,0.8025015974440901,0.7162779552715659,0.7162779552715659,0.8364345047923326,0.8364345047923326,0.872904153354633
364,0.938480952380952,0.9379407413100701,0.9379407413100701,0.4872989643179674,0.4872989643179674,0.9297761904761901,0.9297761904761901,0.48305714285714246,0.48305714285714246,0.40292380952380913,0.40292380952380913,0.9702476190476188
365,0.672098039215686,0.435882352941176,0.435882352941176,0.435882352941176,0.435882352941176,0.435882352941176,0.435882352941176,0.435882352941176,0.435882352941176,0.7233464052287577,0.7233464052287577,0.809941176470588
366,0.6663867924528301,0.6813117074211777,0.6813117074211777,0.7188531784176874,0.7188531784176874,0.38148742138364805,0.38148742138364805,0.3245283018867926,0.3245283018867926,0.7296729559748423,0.7503238993710689,0.7296729559748423
367,0.7923609958506221,0.7846661023744818,0.7294248674655852,0.7068516951040225,0.651610460195126,0.7308464730290454,0.679394190871369,0.6583692946058087,0.6069170124481326,0.8675020746887967,0.8675020746887967,0.8944149377593359
368,0.6502478632478638,0.6276837606837611,0.6276837606837611,0.26661538461538464,0.26661538461538464,0.6276837606837611,0.6276837606837611,0.26661538461538464,0.26661538461538464,0.7022777777777782,0.9070854700854708,0.7022777777777782
369,0.9078654822335024,0.9078654822335024,0.9078654822335024,0.21810406091370516,0.21810406091370516,0.9078654822335024,0.9078654822335024,0.21810406091370516,0.21810406091370516,0.8977131979695432,0.9641573604060917,0.8977131979695432
370,0.7129382022471916,0.7098068102333016,0.7098068102333016,0.20828716628185556,0.20828716628185556,0.6442134831460681,0.6442134831460681,0.18903932584269692,0.18903932584269692,0.865359550561798,0.865359550561798,0.8682584269662923
371,0.9483909774436093,0.4392797533724748,0.4392797533724748,0.0455554028315039,0.0455554028315039,0.42051127819548934,0.42051127819548934,0.04360902255639098,0.04360902255639098,0.3525037593984962,0.9697030075187968,0.3525037593984962
372,0.8973153153153154,0.8847155448717949,0.8231644315114708,0.7549500253036436,0.6933989119433196,0.7559774774774776,0.7033828828828828,0.6450945945945946,0.5924999999999998,0.9080450450450452,0.9194594594594595,0.9080450450450452
373,0.9059672131147543,0.831032786885246,0.831032786885246,0.8048032786885245,0.8048032786885245,0.831032786885246,0.831032786885246,0.8048032786885245,0.8048032786885245,0.8797595628415303,0.9088087431693991,0.8797595628415303
374,0.6883617886178863,0.6017796335887609,0.5973168741538308,0.5473467322481095,0.5428839728131796,0.536638211382114,0.5326585365853659,0.4880975609756098,0.4841178861788618,0.5906585365853656,0.5906585365853656,0.85830081300813
375,0.9246178861788616,0.9659295169894606,0.56210514141419,0.9659295169894606,0.56210514141419,0.81480081300813,0.47415853658536583,0.81480081300813,0.47415853658536583,0.3527032520325204,0.3527032520325204,0.935252032520325
376,0.3454899884112691,0.34967667718264644,0.3442821536262698,0.34967667718264644,0.3442821536262698,0.3079378966837809,0.30318728462996625,0.3079378966837809,0.30318728462996625,0.6569428775355148,0.6569428775355148,0.7756544562889969
377,0.709679775280899,0.709679775280899,0.709679775280899,0.709679775280899,0.709679775280899,0.709679775280899,0.709679775280899,0.709679775280899,0.709679775280899,0.7376011235955058,0.7376011235955058,0.7556123595505617
378,0.4706858108108111,0.4683209459459463,0.3399189189189195,0.5974293640371859,0.4321686044994833,0.4683209459459463,0.3399189189189195,0.4641824324324326,0.3357804054054059,0.837469594594594,0.837469594594594,0.9182331081081077
379,0.5261270491803285,0.4054869684499317,0.3808313950020878,0.4054869684499317,0.3808313950020878,0.2786393442622952,0.2616967213114756,0.2786393442622952,0.2616967213114756,0.5030000000000002,0.5030000000000002,0.915475409836066
380,0.5478930481283426,0.5416626007004308,0.5416626007004308,0.40718754404796775,0.40718754404796775,0.534299465240642,0.534299465240642,0.4016524064171125,0.4016524064171125,0.7473475935828875,0.7473475935828875,0.8007326203208551
381,0.7897384759030172,0.7681497120321653,0.6441604400135543,0.47413168186741195,0.3624659273599444,0.7396963668219971,0.6202998317449516,0.45049157999178635,0.3443934555616384,0.8499435378844782,0.8499435378844782,0.8551652535894967
382,0.7646081015033478,0.7488610080319844,0.5798942635490598,0.49791757997036507,0.35653964211739675,0.6746773046536466,0.5224487515294439,0.4224967460718265,0.3025336816771548,0.860586824738576,0.860586824738576,0.891072036771657
383,0.8715412685853079,0.8874540535364078,0.8103920259547963,0.6723022004099956,0.5952401728283842,0.8355594201398033,0.7630036604085788,0.6329887552992556,0.5604329955680312,0.8462187000434729,0.8462187000434729,0.9105580300135825
384,0.37163964082018947,0.3593004633742388,0.3313026500917569,0.20743518659427107,0.18951024735644506,0.3504384240637643,0.3231311685378368,0.1916231131970668,0.17506453064887656,0.6202451640500091,0.6625318228531161,0.6202451640500091
385,0.6682875850721287,0.6682396876273261,0.5243922894048173,0.42050733932280443,0.2970020894093636,0.5872263520930143,0.46081814186503395,0.363115143135355,0.25646628755887685,0.8372662823028824,0.8372662823028824,0.8704896967458617
386,0.7935664278760611,0.776699514044662,0.7042507305646597,0.2630601091375261,0.22096876242849947,0.7640095302817043,0.6927444399409183,0.2369208824712022,0.19901198385711982,0.8564425627735878,0.8564425627735878,0.881990402357191
387,0.8171084317765126,0.8184738951970119,0.6108266977583791,0.6543309513171925,0.44216764910974193,0.7842966290973825,0.5853202195279147,0.6136613731434328,0.41468496357396495,0.8538938943302101,0.8538938943302101,0.8783584422084943
388,0.7986696297211154,0.7551809799714255,0.6727600928431487,0.256966148145018,0.21283263071609418,0.6571036487649402,0.5853869780557769,0.20687445225498016,0.17134410201195244,0.8537912746454185,0.8537912746454185,0.8749731232191236
389,0.8454538676588323,0.8487395452574752,0.7672349890168723,0.6186132226009887,0.5482312661012094,0.8070192655363665,0.7295211125603496,0.5779927348468543,0.5122323242462892,0.8834347737768686,0.8834347737768686,0.8995746812173457
390,0.8116490103993811,0.8010631818595013,0.7616094323219181,0.4313204215720123,0.40862467838565186,0.7492953671950469,0.7123912722167187,0.36826042695046446,0.3488828513529414,0.8484955384829725,0.8484955384829725,0.8922686266718269
391,0.899030452640189,0.8947405700450524,0.6472465191910719,0.5526782432263506,0.3249136379971835,0.8153962549723656,0.5898496228529408,0.5036675264527024,0.29610076091554705,0.8700752860364283,0.8700752860364283,0.9169838724846002
392,0.7870043734142925,0.7483741524367356,0.59591051518533,0.5626555926419633,0.45000544758922756,0.7441984828275414,0.5925855400776829,0.4962512704155328,0.39689603725696543,0.8492859192410234,0.8943862027092088,0.8492859192410234
393,0.7601414590327689,0.7205831461914112,0.617633372464024,0.40671075652461425,0.3238106634889658,0.6535681665967368,0.5601928285497876,0.3593339780214055,0.28609072165072885,0.8627425038585219,0.873388153899976,0.8627425038585219
394,0.6877547125187771,0.7316942754598269,0.6150668096321215,0.5068357494392947,0.3902082836115892,0.6639623649684928,0.5581309397020027,0.459918676604118,0.35408725133762775,0.6170894886701359,0.6170894886701359,0.9186858098304769
395,0.7471105675139342,0.7719994811405195,0.692747217083337,0.506591050212502,0.4635461430919712,0.7280423345619096,0.6533026426928606,0.4474043345818087,0.4093885069841471,0.8533359785646181,0.8533359785646181,0.870744973524974
396,0.8782575752514019,0.8826252283854193,0.808820289491386,0.7629881894304233,0.6891832505363898,0.8527661156558204,0.7814579895873952,0.737176384343874,0.6658682582754487,0.8997067143464262,0.9178502232868874,0.8997067143464262
397,0.8475455896358077,0.8556780238198273,0.7907850157800094,0.45825881074985964,0.4306275391615798,0.7815655034441824,0.7222930492186583,0.4120210947635063,0.3871777824202437,0.7909868016383773,0.7909868016383773,0.9126908215293341
398,0.7464389267090052,0.744514674735977,0.5745012958260367,0.4299978059309776,0.2894897506128207,0.744514674735977,0.5745012958260367,0.31420105205759125,0.2115312751550141,0.8482910225631696,0.8916463357906493,0.8482910225631696
399,0.7472604509661819,0.7668844762216851,0.6486755024381383,0.6567291687766997,0.5402831230997515,0.7132963507241362,0.6033475484768014,0.6108384431126513,0.5025293796056561,0.8609358156748936,0.8609358156748936,0.8837076671780989
400,0.8598623385039367,0.8569201164541946,0.7540048350133038,0.44739953773268165,0.4136721656893924,0.8364089308937004,0.7359570231023619,0.4111903868464566,0.38019265442125966,0.8820751868937006,0.8820751868937006,0.9202333635472439
401,0.8639783384946811,0.8704650668927248,0.7601839626270269,0.5237965831055289,0.4410328115210337,0.8561288392331303,0.7476640226938868,0.4754346605452346,0.40031243386818455,0.88023898351692,0.88023898351692,0.9150429449176244
402,0.5443536398501696,0.533301768812287,0.43542388102990454,0.3750608060133181,0.2906670142529021,0.5255328940192404,0.4290808426012913,0.33774226191072754,0.2617456510588496,0.7811196990625904,0.7811196990625904,0.8849558631905932
403,0.82635118199585,0.8335688420694118,0.7769314283418128,0.6760493406638545,0.6241452314322901,0.7873293436721985,0.733833704767634,0.6211152509211613,0.5734287406473022,0.8008595136804975,0.8008595136804975,0.9155160374315348
404,0.8659097028572129,0.8613772257685186,0.8407853622915854,0.5214677061045618,0.4992503692927232,0.8192038102769276,0.7996201336758246,0.4596525227465197,0.4400688461454168,0.8768788472623327,0.8869214759926698,0.8768788472623327
405,0.8296173468828126,0.833598871793191,0.7721557471905172,0.5854650896164771,0.5426640532678269,0.8104292445625001,0.7506939129296877,0.5691922654296875,0.527580870875,0.9203342899257814,0.9403159544453128,0.9203342899257814
406,0.19075083407610313,0.1688944461069284,0.14166376716420295,0.12343825048277106,0.10953915691360123,0.14955986475314015,0.12544648060294855,0.10545103929097663,0.09357729791551814,0.8537655977644791,0.8571071476283713,0.8537655977644791
407,0.7516445147566764,0.7031164656448969,0.6850632186845396,0.39534880414345835,0.3808176441469456,0.6824963772090914,0.664972572477817,0.3837545268042825,0.3696495178351505,0.8608755992533097,0.8672898251768474,0.8608755992533097
408,0.8552445521362025,0.8316964177430308,0.7260350590603698,0.5613200679839732,0.49238022789157493,0.8036054402942263,0.7015128487490013,0.5330326475664193,0.46756699332883417,0.789603369712651,0.789603369712651,0.9046119874983838
409,0.7804065132122036,0.7162765418076835,0.5774304567790013,0.48439029576377635,0.412782663804915,0.6355150461398456,0.5123241122155686,0.4297744002408813,0.36624066030650915,0.864362956896363,0.9121727874192616,0.864362956896363
410,0.8119036697247707,0.8095091743119267,0.8095091743119267,0.8095091743119267,0.8095091743119267,0.8095091743119267,0.8095091743119267,0.8095091743119267,0.8095091743119267,0.9045688073394493,0.9077064220183486,0.9045688073394493
411,0.6774197530864199,0.6686253331053553,0.6596090729766588,0.6619861628348257,0.6529699027061293,0.6597901234567902,0.6508930041152264,0.6532386831275722,0.6443415637860084,0.7978518518518519,0.830366255144033,0.7978518518518519
412,0.9399677419354842,0.9010445299615286,0.9010445299615286,0.9010445299615286,0.9010445299615286,0.008811827956989308,0.008811827956989308,0.008811827956989308,0.008811827956989308,0.6614946236559142,0.9770967741935487,0.6614946236559142
413,0.73477,0.7285290802054194,0.7285290802054194,0.7120318567074444,0.7120318567074444,0.69796,0.69796,0.6821550000000001,0.6821550000000001,0.7389599999999997,0.7396149999999999,0.7389599999999997
414,0.8450721649484536,0.8002027491408936,0.7584501718213059,0.3533485217561017,0.30774572028029745,0.8002027491408936,0.7584501718213059,0.32351546391752556,0.2817628865979379,0.8352508591065293,0.8352508591065293,0.9342611683848796
